road_id,time_interval,vehicle_type,inflow,outflow,congestion_coefficient,tci,congestion_status,avg_speed_kmh,road_condition_factor
0,0,Bus,25,24,0.0011,1.05,unobstructed,39.98,1.1613
0,0,Autorickshaw,61,61,0.0,0.73,unobstructed,40.0,1.16
0,0,Van,18,16,0.0022,0.15,unobstructed,39.96,1.1626
0,0,PrivateCar,105,105,0.0,1.41,unobstructed,40.0,1.16
0,0,Jeep,18,18,0.0,1.32,unobstructed,40.0,1.16
0,0,Truck,15,14,0.0011,1.17,unobstructed,39.98,1.1613
0,0,Micro,28,28,0.0,0.67,unobstructed,40.0,1.16
0,1,Bus,31,28,0.0032,0.65,unobstructed,39.94,1.1637
0,1,Autorickshaw,70,70,0.0,1.95,unobstructed,40.0,1.16
0,1,Van,18,16,0.0022,1.46,unobstructed,39.96,1.1626
0,1,PrivateCar,99,99,0.0,0.87,unobstructed,40.0,1.16
0,1,Jeep,23,23,0.0,1.28,unobstructed,40.0,1.16
0,1,Truck,14,14,0.0,0.97,unobstructed,40.0,1.16
0,1,Micro,33,33,0.0,0.63,unobstructed,40.0,1.16
0,2,Bus,18,18,0.0,1.41,unobstructed,40.0,1.16
0,2,Autorickshaw,50,44,0.0065,1.12,unobstructed,39.87,1.1675
0,2,Van,9,9,0.0,1.78,unobstructed,40.0,1.16
0,2,PrivateCar,76,73,0.0032,1.23,unobstructed,39.94,1.1637
0,2,Jeep,15,14,0.0011,0.71,unobstructed,39.98,1.1613
0,2,Truck,8,8,0.0,1.33,unobstructed,40.0,1.16
0,2,Micro,26,26,0.0,1.63,unobstructed,40.0,1.16
0,3,Bus,20,20,0.0,0.76,unobstructed,40.0,1.16
0,3,Autorickshaw,47,44,0.0032,1.47,unobstructed,39.94,1.1637
0,3,Van,9,8,0.0011,0.59,unobstructed,39.98,1.1613
0,3,PrivateCar,57,57,0.0,0.36,unobstructed,40.0,1.16
0,3,Jeep,15,15,0.0,0.0,unobstructed,40.0,1.16
0,3,Truck,9,9,0.0,1.4,unobstructed,40.0,1.16
0,3,Micro,18,18,0.0,1.15,unobstructed,40.0,1.16
0,4,Bus,36,32,0.0043,1.7,unobstructed,39.91,1.165
0,4,Autorickshaw,82,73,0.0097,1.54,unobstructed,39.81,1.1713
0,4,Van,25,25,0.0,1.13,unobstructed,40.0,1.16
0,4,PrivateCar,168,168,0.0,0.36,unobstructed,40.0,1.16
0,4,Jeep,28,24,0.0043,0.64,unobstructed,39.91,1.165
0,4,Truck,17,17,0.0,1.62,unobstructed,40.0,1.16
0,4,Micro,48,44,0.0043,1.22,unobstructed,39.91,1.165
0,5,Bus,21,18,0.0032,1.28,unobstructed,39.94,1.1637
0,5,Autorickshaw,55,55,0.0,0.21,unobstructed,40.0,1.16
0,5,Van,15,15,0.0,0.99,unobstructed,40.0,1.16
0,5,PrivateCar,71,71,0.0,0.66,unobstructed,40.0,1.16
0,5,Jeep,19,17,0.0022,0.16,unobstructed,39.96,1.1626
0,5,Truck,10,10,0.0,0.69,unobstructed,40.0,1.16
0,5,Micro,29,29,0.0,0.64,unobstructed,40.0,1.16
0,6,Bus,36,36,0.0,1.27,unobstructed,40.0,1.16
0,6,Autorickshaw,78,78,0.0,1.93,unobstructed,40.0,1.16
0,6,Van,19,19,0.0,1.64,unobstructed,40.0,1.16
0,6,PrivateCar,132,122,0.0108,1.34,unobstructed,39.79,1.1725
0,6,Jeep,22,18,0.0043,1.46,unobstructed,39.91,1.165
0,6,Truck,17,17,0.0,0.67,unobstructed,40.0,1.16
0,6,Micro,32,32,0.0,0.02,unobstructed,40.0,1.16
0,7,Bus,13,11,0.0022,0.42,unobstructed,39.96,1.1626
0,7,Autorickshaw,36,36,0.0,1.39,unobstructed,40.0,1.16
0,7,Van,9,8,0.0011,0.7,unobstructed,39.98,1.1613
0,7,PrivateCar,66,66,0.0,1.57,unobstructed,40.0,1.16
0,7,Jeep,15,15,0.0,1.44,unobstructed,40.0,1.16
0,7,Truck,7,6,0.0011,0.1,unobstructed,39.98,1.1613
0,7,Micro,19,16,0.0032,0.88,unobstructed,39.94,1.1637
0,8,Bus,29,28,0.0011,0.84,unobstructed,39.98,1.1613
0,8,Autorickshaw,86,74,0.0129,0.33,unobstructed,39.74,1.175
0,8,Van,20,20,0.0,0.83,unobstructed,40.0,1.16
0,8,PrivateCar,103,103,0.0,1.76,unobstructed,40.0,1.16
0,8,Jeep,28,24,0.0043,0.7,unobstructed,39.91,1.165
0,8,Truck,13,13,0.0,0.75,unobstructed,40.0,1.16
0,8,Micro,32,28,0.0043,1.66,unobstructed,39.91,1.165
0,9,Bus,30,26,0.0043,1.58,unobstructed,39.91,1.165
0,9,Autorickshaw,71,71,0.0,1.16,unobstructed,40.0,1.16
0,9,Van,13,13,0.0,1.52,unobstructed,40.0,1.16
0,9,PrivateCar,107,91,0.0172,0.45,unobstructed,39.66,1.18
0,9,Jeep,17,17,0.0,0.9,unobstructed,40.0,1.16
0,9,Truck,11,10,0.0011,1.6,unobstructed,39.98,1.1613
0,9,Micro,31,31,0.0,0.07,unobstructed,40.0,1.16
0,10,Bus,32,27,0.0054,0.04,unobstructed,39.89,1.1663
0,10,Autorickshaw,86,86,0.0,0.52,unobstructed,40.0,1.16
0,10,Van,25,23,0.0022,0.21,unobstructed,39.96,1.1626
0,10,PrivateCar,162,162,0.0,0.68,unobstructed,40.0,1.16
0,10,Jeep,33,33,0.0,1.78,unobstructed,40.0,1.16
0,10,Truck,18,16,0.0022,0.32,unobstructed,39.96,1.1626
0,10,Micro,39,33,0.0065,0.15,unobstructed,39.87,1.1675
0,11,Bus,27,25,0.0022,1.88,unobstructed,39.96,1.1626
0,11,Autorickshaw,65,64,0.0011,1.96,unobstructed,39.98,1.1613
0,11,Van,23,23,0.0,0.68,unobstructed,40.0,1.16
0,11,PrivateCar,109,109,0.0,1.97,unobstructed,40.0,1.16
0,11,Jeep,30,26,0.0043,1.79,unobstructed,39.91,1.165
0,11,Truck,13,13,0.0,1.41,unobstructed,40.0,1.16
0,11,Micro,38,38,0.0,0.86,unobstructed,40.0,1.16
0,12,Bus,30,25,0.0054,1.31,unobstructed,39.89,1.1663
0,12,Autorickshaw,58,58,0.0,1.21,unobstructed,40.0,1.16
0,12,Van,18,17,0.0011,0.87,unobstructed,39.98,1.1613
0,12,PrivateCar,105,105,0.0,0.11,unobstructed,40.0,1.16
0,12,Jeep,21,19,0.0022,0.66,unobstructed,39.96,1.1626
0,12,Truck,12,12,0.0,1.95,unobstructed,40.0,1.16
0,12,Micro,34,34,0.0,0.82,unobstructed,40.0,1.16
0,13,Bus,30,30,0.0,1.11,unobstructed,40.0,1.16
0,13,Autorickshaw,94,82,0.0129,1.85,unobstructed,39.74,1.175
0,13,Van,23,23,0.0,1.08,unobstructed,40.0,1.16
0,13,PrivateCar,130,124,0.0065,1.32,unobstructed,39.87,1.1675
0,13,Jeep,25,23,0.0022,0.59,unobstructed,39.96,1.1626
0,13,Truck,17,16,0.0011,0.19,unobstructed,39.98,1.1613
0,13,Micro,46,43,0.0032,0.79,unobstructed,39.94,1.1637
0,14,Bus,195,195,0.0,1.1,unobstructed,40.0,1.16
0,14,Autorickshaw,445,445,0.0,0.98,unobstructed,40.0,1.16
0,14,Van,122,107,0.0162,0.11,unobstructed,39.68,1.1788
0,14,PrivateCar,800,743,0.0614,0.01,unobstructed,38.81,1.2312
0,14,Jeep,160,160,0.0,0.18,unobstructed,40.0,1.16
0,14,Truck,74,69,0.0054,1.65,unobstructed,39.89,1.1663
0,14,Micro,184,175,0.0097,1.25,unobstructed,39.81,1.1713
0,15,Bus,172,172,0.0,0.96,unobstructed,40.0,1.16
0,15,Autorickshaw,327,327,0.0,0.19,unobstructed,40.0,1.16
0,15,Van,74,74,0.0,0.41,unobstructed,40.0,1.16
0,15,PrivateCar,686,592,0.1013,1.28,unobstructed,38.07,1.2775
0,15,Jeep,113,100,0.014,1.95,unobstructed,39.72,1.1762
0,15,Truck,90,80,0.0108,0.95,unobstructed,39.79,1.1725
0,15,Micro,177,177,0.0,0.23,unobstructed,40.0,1.16
0,16,Bus,120,120,0.0,1.57,unobstructed,40.0,1.16
0,16,Autorickshaw,367,328,0.042,0.94,unobstructed,39.18,1.2087
0,16,Van,69,66,0.0032,1.79,unobstructed,39.94,1.1637
0,16,PrivateCar,580,567,0.014,0.53,unobstructed,39.72,1.1762
0,16,Jeep,92,88,0.0043,1.28,unobstructed,39.91,1.165
0,16,Truck,83,83,0.0,0.78,unobstructed,40.0,1.16
0,16,Micro,139,133,0.0065,0.74,unobstructed,39.87,1.1675
0,17,Bus,161,153,0.0086,0.76,unobstructed,39.83,1.17
0,17,Autorickshaw,371,371,0.0,0.37,unobstructed,40.0,1.16
0,17,Van,107,107,0.0,0.09,unobstructed,40.0,1.16
0,17,PrivateCar,707,651,0.0603,0.88,unobstructed,38.83,1.2299
0,17,Jeep,104,104,0.0,0.53,unobstructed,40.0,1.16
0,17,Truck,65,63,0.0022,1.67,unobstructed,39.96,1.1626
0,17,Micro,158,158,0.0,1.13,unobstructed,40.0,1.16
0,18,Bus,153,153,0.0,0.3,unobstructed,40.0,1.16
0,18,Autorickshaw,416,384,0.0345,1.39,unobstructed,39.32,1.2
0,18,Van,82,82,0.0,0.19,unobstructed,40.0,1.16
0,18,PrivateCar,604,520,0.0905,1.34,unobstructed,38.27,1.265
0,18,Jeep,125,113,0.0129,1.62,unobstructed,39.74,1.175
0,18,Truck,92,87,0.0054,0.83,unobstructed,39.89,1.1663
0,18,Micro,214,214,0.0,1.51,unobstructed,40.0,1.16
0,19,Bus,124,120,0.0043,0.46,unobstructed,39.91,1.165
0,19,Autorickshaw,255,222,0.0356,0.12,unobstructed,39.3,1.2013
0,19,Van,77,73,0.0043,0.77,unobstructed,39.91,1.165
0,19,PrivateCar,468,468,0.0,1.05,unobstructed,40.0,1.16
0,19,Jeep,106,100,0.0065,1.93,unobstructed,39.87,1.1675
0,19,Truck,47,47,0.0,1.37,unobstructed,40.0,1.16
0,19,Micro,126,126,0.0,1.87,unobstructed,40.0,1.16
0,20,Bus,141,141,0.0,1.15,unobstructed,40.0,1.16
0,20,Autorickshaw,391,391,0.0,0.47,unobstructed,40.0,1.16
0,20,Van,101,101,0.0,0.6,unobstructed,40.0,1.16
0,20,PrivateCar,588,588,0.0,0.79,unobstructed,40.0,1.16
0,20,Jeep,121,104,0.0183,1.71,unobstructed,39.64,1.1812
0,20,Truck,84,84,0.0,0.07,unobstructed,40.0,1.16
0,20,Micro,234,234,0.0,1.14,unobstructed,40.0,1.16
0,21,Bus,186,169,0.0183,1.03,unobstructed,39.64,1.1812
0,21,Autorickshaw,398,398,0.0,1.14,unobstructed,40.0,1.16
0,21,Van,119,119,0.0,1.97,unobstructed,40.0,1.16
0,21,PrivateCar,726,644,0.0884,0.29,unobstructed,38.31,1.2625
0,21,Jeep,158,158,0.0,1.9,unobstructed,40.0,1.16
0,21,Truck,90,85,0.0054,0.9,unobstructed,39.89,1.1663
0,21,Micro,220,220,0.0,1.9,unobstructed,40.0,1.16
0,22,Bus,70,67,0.0032,0.33,unobstructed,39.94,1.1637
0,22,Autorickshaw,173,156,0.0183,0.42,unobstructed,39.64,1.1812
0,22,Van,40,38,0.0022,0.39,unobstructed,39.96,1.1626
0,22,PrivateCar,298,280,0.0194,0.09,unobstructed,39.62,1.1825
0,22,Jeep,46,46,0.0,0.16,unobstructed,40.0,1.16
0,22,Truck,34,32,0.0022,1.37,unobstructed,39.96,1.1626
0,22,Micro,77,77,0.0,0.4,unobstructed,40.0,1.16
0,23,Bus,84,84,0.0,1.65,unobstructed,40.0,1.16
0,23,Autorickshaw,197,197,0.0,0.3,unobstructed,40.0,1.16
0,23,Van,41,41,0.0,1.19,unobstructed,40.0,1.16
0,23,PrivateCar,315,276,0.042,0.64,unobstructed,39.18,1.2087
0,23,Jeep,71,65,0.0065,1.45,unobstructed,39.87,1.1675
0,23,Truck,34,34,0.0,1.61,unobstructed,40.0,1.16
0,23,Micro,77,66,0.0119,0.17,unobstructed,39.76,1.1738
0,24,Bus,93,93,0.0,1.11,unobstructed,40.0,1.16
0,24,Autorickshaw,211,211,0.0,1.1,unobstructed,40.0,1.16
0,24,Van,55,55,0.0,1.71,unobstructed,40.0,1.16
0,24,PrivateCar,341,330,0.0119,1.04,unobstructed,39.76,1.1738
0,24,Jeep,61,61,0.0,1.83,unobstructed,40.0,1.16
0,24,Truck,51,51,0.0,0.02,unobstructed,40.0,1.16
0,24,Micro,123,123,0.0,1.4,unobstructed,40.0,1.16
0,25,Bus,74,74,0.0,1.18,unobstructed,40.0,1.16
0,25,Autorickshaw,157,157,0.0,1.56,unobstructed,40.0,1.16
0,25,Van,46,40,0.0065,0.23,unobstructed,39.87,1.1675
0,25,PrivateCar,227,224,0.0032,0.3,unobstructed,39.94,1.1637
0,25,Jeep,53,53,0.0,1.13,unobstructed,40.0,1.16
0,25,Truck,30,30,0.0,1.17,unobstructed,40.0,1.16
0,25,Micro,78,78,0.0,1.93,unobstructed,40.0,1.16
0,26,Bus,84,84,0.0,0.2,unobstructed,40.0,1.16
0,26,Autorickshaw,203,182,0.0226,0.21,unobstructed,39.55,1.1862
0,26,Van,59,58,0.0011,1.56,unobstructed,39.98,1.1613
0,26,PrivateCar,381,381,0.0,1.57,unobstructed,40.0,1.16
0,26,Jeep,63,63,0.0,1.73,unobstructed,40.0,1.16
0,26,Truck,43,39,0.0043,1.76,unobstructed,39.91,1.165
0,26,Micro,101,101,0.0,1.76,unobstructed,40.0,1.16
0,27,Bus,62,62,0.0,0.53,unobstructed,40.0,1.16
0,27,Autorickshaw,133,119,0.0151,1.31,unobstructed,39.7,1.1775
0,27,Van,38,34,0.0043,1.14,unobstructed,39.91,1.165
0,27,PrivateCar,237,230,0.0075,0.95,unobstructed,39.85,1.1687
0,27,Jeep,50,49,0.0011,0.34,unobstructed,39.98,1.1613
0,27,Truck,27,27,0.0,0.81,unobstructed,40.0,1.16
0,27,Micro,76,76,0.0,1.24,unobstructed,40.0,1.16
0,28,Bus,71,71,0.0,1.36,unobstructed,40.0,1.16
0,28,Autorickshaw,218,216,0.0022,0.8,unobstructed,39.96,1.1626
0,28,Van,62,58,0.0043,0.79,unobstructed,39.91,1.165
0,28,PrivateCar,337,337,0.0,1.76,unobstructed,40.0,1.16
0,28,Jeep,80,80,0.0,1.38,unobstructed,40.0,1.16
0,28,Truck,48,48,0.0,0.1,unobstructed,40.0,1.16
0,28,Micro,122,121,0.0011,0.95,unobstructed,39.98,1.1613
0,29,Bus,67,64,0.0032,0.54,unobstructed,39.94,1.1637
0,29,Autorickshaw,174,174,0.0,0.74,unobstructed,40.0,1.16
0,29,Van,44,44,0.0,0.68,unobstructed,40.0,1.16
0,29,PrivateCar,318,318,0.0,1.59,unobstructed,40.0,1.16
0,29,Jeep,55,55,0.0,0.62,unobstructed,40.0,1.16
0,29,Truck,35,35,0.0,1.69,unobstructed,40.0,1.16
0,29,Micro,68,66,0.0022,1.72,unobstructed,39.96,1.1626
0,30,Bus,75,69,0.0065,1.37,unobstructed,39.87,1.1675
0,30,Autorickshaw,192,189,0.0032,1.94,unobstructed,39.94,1.1637
0,30,Van,48,48,0.0,0.46,unobstructed,40.0,1.16
0,30,PrivateCar,313,313,0.0,0.6,unobstructed,40.0,1.16
0,30,Jeep,66,66,0.0,1.49,unobstructed,40.0,1.16
0,30,Truck,42,42,0.0,1.55,unobstructed,40.0,1.16
0,30,Micro,84,84,0.0,0.64,unobstructed,40.0,1.16
0,31,Bus,55,55,0.0,1.46,unobstructed,40.0,1.16
0,31,Autorickshaw,130,111,0.0205,1.21,unobstructed,39.59,1.1838
0,31,Van,35,35,0.0,0.18,unobstructed,40.0,1.16
0,31,PrivateCar,279,257,0.0237,0.88,unobstructed,39.53,1.1875
0,31,Jeep,52,45,0.0075,1.83,unobstructed,39.85,1.1687
0,31,Truck,39,38,0.0011,0.81,unobstructed,39.98,1.1613
0,31,Micro,72,69,0.0032,0.97,unobstructed,39.94,1.1637
0,32,Bus,92,92,0.0,1.03,unobstructed,40.0,1.16
0,32,Autorickshaw,208,187,0.0226,0.75,unobstructed,39.55,1.1862
0,32,Van,43,43,0.0,0.11,unobstructed,40.0,1.16
0,32,PrivateCar,366,366,0.0,1.58,unobstructed,40.0,1.16
0,32,Jeep,72,69,0.0032,0.13,unobstructed,39.94,1.1637
0,32,Truck,45,40,0.0054,1.42,unobstructed,39.89,1.1663
0,32,Micro,97,97,0.0,0.81,unobstructed,40.0,1.16
0,33,Bus,72,67,0.0054,1.56,unobstructed,39.89,1.1663
0,33,Autorickshaw,173,173,0.0,1.05,unobstructed,40.0,1.16
0,33,Van,45,45,0.0,1.14,unobstructed,40.0,1.16
0,33,PrivateCar,219,219,0.0,0.35,unobstructed,40.0,1.16
0,33,Jeep,57,49,0.0086,1.75,unobstructed,39.83,1.17
0,33,Truck,35,29,0.0065,0.4,unobstructed,39.87,1.1675
0,33,Micro,78,77,0.0011,0.12,unobstructed,39.98,1.1613
0,34,Bus,148,148,0.0,0.07,unobstructed,40.0,1.16
0,34,Autorickshaw,371,332,0.042,0.1,unobstructed,39.18,1.2087
0,34,Van,82,82,0.0,0.72,unobstructed,40.0,1.16
0,34,PrivateCar,667,667,0.0,0.4,unobstructed,40.0,1.16
0,34,Jeep,147,147,0.0,0.74,unobstructed,40.0,1.16
0,34,Truck,77,77,0.0,0.93,unobstructed,40.0,1.16
0,34,Micro,196,185,0.0119,0.79,unobstructed,39.76,1.1738
0,35,Bus,168,156,0.0129,1.85,unobstructed,39.74,1.175
0,35,Autorickshaw,337,337,0.0,1.36,unobstructed,40.0,1.16
0,35,Van,88,88,0.0,0.48,unobstructed,40.0,1.16
0,35,PrivateCar,536,535,0.0011,0.98,unobstructed,39.98,1.1613
0,35,Jeep,106,105,0.0011,0.89,unobstructed,39.98,1.1613
0,35,Truck,67,62,0.0054,1.92,unobstructed,39.89,1.1663
0,35,Micro,156,156,0.0,0.95,unobstructed,40.0,1.16
0,36,Bus,195,195,0.0,1.1,unobstructed,40.0,1.16
0,36,Autorickshaw,401,369,0.0345,0.69,unobstructed,39.32,1.2
0,36,Van,110,110,0.0,1.68,unobstructed,40.0,1.16
0,36,PrivateCar,684,679,0.0054,0.52,unobstructed,39.89,1.1663
0,36,Jeep,165,162,0.0032,1.66,unobstructed,39.94,1.1637
0,36,Truck,77,72,0.0054,0.18,unobstructed,39.89,1.1663
0,36,Micro,220,203,0.0183,0.05,unobstructed,39.64,1.1812
0,37,Bus,165,165,0.0,0.1,unobstructed,40.0,1.16
0,37,Autorickshaw,393,393,0.0,1.71,unobstructed,40.0,1.16
0,37,Van,106,101,0.0054,1.56,unobstructed,39.89,1.1663
0,37,PrivateCar,686,646,0.0431,0.43,unobstructed,39.16,1.21
0,37,Jeep,124,124,0.0,0.44,unobstructed,40.0,1.16
0,37,Truck,80,80,0.0,0.45,unobstructed,40.0,1.16
0,37,Micro,247,247,0.0,0.41,unobstructed,40.0,1.16
0,38,Bus,152,141,0.0119,1.3,unobstructed,39.76,1.1738
0,38,Autorickshaw,346,346,0.0,1.03,unobstructed,40.0,1.16
0,38,Van,86,86,0.0,1.73,unobstructed,40.0,1.16
0,38,PrivateCar,631,592,0.042,1.93,unobstructed,39.18,1.2087
0,38,Jeep,105,98,0.0075,1.36,unobstructed,39.85,1.1687
0,38,Truck,75,66,0.0097,0.95,unobstructed,39.81,1.1713
0,38,Micro,136,117,0.0205,0.26,unobstructed,39.59,1.1838
0,39,Bus,173,173,0.0,0.35,unobstructed,40.0,1.16
0,39,Autorickshaw,388,341,0.0506,1.6,unobstructed,39.01,1.2187
0,39,Van,70,65,0.0054,0.45,unobstructed,39.89,1.1663
0,39,PrivateCar,582,554,0.0302,1.22,unobstructed,39.4,1.195
0,39,Jeep,139,128,0.0119,1.89,unobstructed,39.76,1.1738
0,39,Truck,84,74,0.0108,1.43,unobstructed,39.79,1.1725
0,39,Micro,145,144,0.0011,1.42,unobstructed,39.98,1.1613
0,40,Bus,180,161,0.0205,0.55,unobstructed,39.59,1.1838
0,40,Autorickshaw,454,454,0.0,1.79,unobstructed,40.0,1.16
0,40,Van,84,77,0.0075,1.7,unobstructed,39.85,1.1687
0,40,PrivateCar,688,670,0.0194,0.92,unobstructed,39.62,1.1825
0,40,Jeep,139,139,0.0,0.44,unobstructed,40.0,1.16
0,40,Truck,93,89,0.0043,0.6,unobstructed,39.91,1.165
0,40,Micro,234,219,0.0162,1.04,unobstructed,39.68,1.1788
0,41,Bus,164,164,0.0,1.25,unobstructed,40.0,1.16
0,41,Autorickshaw,334,334,0.0,1.17,unobstructed,40.0,1.16
0,41,Van,85,85,0.0,0.01,unobstructed,40.0,1.16
0,41,PrivateCar,710,659,0.055,2.0,unobstructed,38.93,1.2238
0,41,Jeep,112,103,0.0097,1.93,unobstructed,39.81,1.1713
0,41,Truck,86,77,0.0097,1.68,unobstructed,39.81,1.1713
0,41,Micro,195,195,0.0,1.12,unobstructed,40.0,1.16
0,42,Bus,130,121,0.0097,1.19,unobstructed,39.81,1.1713
0,42,Autorickshaw,351,351,0.0,0.57,unobstructed,40.0,1.16
0,42,Van,79,72,0.0075,1.37,unobstructed,39.85,1.1687
0,42,PrivateCar,580,580,0.0,0.96,unobstructed,40.0,1.16
0,42,Jeep,132,132,0.0,0.67,unobstructed,40.0,1.16
0,42,Truck,70,61,0.0097,0.55,unobstructed,39.81,1.1713
0,42,Micro,171,152,0.0205,0.65,unobstructed,39.59,1.1838
0,43,Bus,124,107,0.0183,0.55,unobstructed,39.64,1.1812
0,43,Autorickshaw,388,388,0.0,1.31,unobstructed,40.0,1.16
0,43,Van,98,98,0.0,1.9,unobstructed,40.0,1.16
0,43,PrivateCar,565,559,0.0065,1.3,unobstructed,39.87,1.1675
0,43,Jeep,106,102,0.0043,0.38,unobstructed,39.91,1.165
0,43,Truck,65,65,0.0,1.03,unobstructed,40.0,1.16
0,43,Micro,169,169,0.0,0.48,unobstructed,40.0,1.16
0,44,Bus,40,40,0.0,0.11,unobstructed,40.0,1.16
0,44,Autorickshaw,72,66,0.0065,1.71,unobstructed,39.87,1.1675
0,44,Van,23,23,0.0,1.62,unobstructed,40.0,1.16
0,44,PrivateCar,154,131,0.0248,0.81,unobstructed,39.51,1.1888
0,44,Jeep,32,32,0.0,0.64,unobstructed,40.0,1.16
0,44,Truck,19,19,0.0,0.28,unobstructed,40.0,1.16
0,44,Micro,38,38,0.0,0.05,unobstructed,40.0,1.16
0,45,Bus,23,23,0.0,0.99,unobstructed,40.0,1.16
0,45,Autorickshaw,60,60,0.0,0.59,unobstructed,40.0,1.16
0,45,Van,18,17,0.0011,1.81,unobstructed,39.98,1.1613
0,45,PrivateCar,100,94,0.0065,0.81,unobstructed,39.87,1.1675
0,45,Jeep,17,15,0.0022,1.47,unobstructed,39.96,1.1626
0,45,Truck,12,11,0.0011,1.17,unobstructed,39.98,1.1613
0,45,Micro,33,32,0.0011,1.99,unobstructed,39.98,1.1613
0,46,Bus,27,23,0.0043,1.63,unobstructed,39.91,1.165
0,46,Autorickshaw,73,64,0.0097,0.69,unobstructed,39.81,1.1713
0,46,Van,22,22,0.0,1.43,unobstructed,40.0,1.16
0,46,PrivateCar,153,130,0.0248,1.37,unobstructed,39.51,1.1888
0,46,Jeep,31,30,0.0011,1.28,unobstructed,39.98,1.1613
0,46,Truck,13,13,0.0,0.95,unobstructed,40.0,1.16
0,46,Micro,42,41,0.0011,1.88,unobstructed,39.98,1.1613
0,47,Bus,21,19,0.0022,0.72,unobstructed,39.96,1.1626
0,47,Autorickshaw,53,49,0.0043,0.6,unobstructed,39.91,1.165
0,47,Van,18,17,0.0011,0.34,unobstructed,39.98,1.1613
0,47,PrivateCar,84,84,0.0,1.32,unobstructed,40.0,1.16
0,47,Jeep,23,23,0.0,1.12,unobstructed,40.0,1.16
0,47,Truck,12,10,0.0022,0.59,unobstructed,39.96,1.1626
0,47,Micro,30,27,0.0032,0.94,unobstructed,39.94,1.1637
1,0,Bus,30,30,0.0,1.48,unobstructed,40.0,0.76
1,0,Autorickshaw,91,81,0.0219,1.45,unobstructed,39.57,0.7766
1,0,Van,25,23,0.0044,1.12,unobstructed,39.91,0.7633
1,0,PrivateCar,155,151,0.0088,1.83,unobstructed,39.82,0.7667
1,0,Jeep,28,27,0.0022,1.89,unobstructed,39.96,0.7617
1,0,Truck,17,15,0.0044,1.8,unobstructed,39.91,0.7633
1,0,Micro,37,37,0.0,1.31,unobstructed,40.0,0.76
1,1,Bus,28,24,0.0088,0.44,unobstructed,39.82,0.7667
1,1,Autorickshaw,89,89,0.0,0.45,unobstructed,40.0,0.76
1,1,Van,18,18,0.0,1.74,unobstructed,40.0,0.76
1,1,PrivateCar,122,103,0.0417,0.84,unobstructed,39.18,0.7917
1,1,Jeep,29,29,0.0,1.77,unobstructed,40.0,0.76
1,1,Truck,17,17,0.0,0.74,unobstructed,40.0,0.76
1,1,Micro,46,45,0.0022,1.17,unobstructed,39.96,0.7617
1,2,Bus,25,25,0.0,0.93,unobstructed,40.0,0.76
1,2,Autorickshaw,61,61,0.0,0.24,unobstructed,40.0,0.76
1,2,Van,18,18,0.0,0.11,unobstructed,40.0,0.76
1,2,PrivateCar,97,93,0.0088,1.27,unobstructed,39.82,0.7667
1,2,Jeep,24,23,0.0022,1.16,unobstructed,39.96,0.7617
1,2,Truck,12,11,0.0022,1.24,unobstructed,39.96,0.7617
1,2,Micro,37,35,0.0044,0.94,unobstructed,39.91,0.7633
1,3,Bus,44,44,0.0,0.39,unobstructed,40.0,0.76
1,3,Autorickshaw,82,82,0.0,0.24,unobstructed,40.0,0.76
1,3,Van,20,20,0.0,1.36,unobstructed,40.0,0.76
1,3,PrivateCar,148,130,0.0395,1.06,unobstructed,39.23,0.79
1,3,Jeep,36,31,0.011,0.83,unobstructed,39.78,0.7684
1,3,Truck,23,19,0.0088,1.74,unobstructed,39.82,0.7667
1,3,Micro,40,40,0.0,0.3,unobstructed,40.0,0.76
1,4,Bus,32,32,0.0,1.98,unobstructed,40.0,0.76
1,4,Autorickshaw,85,85,0.0,0.69,unobstructed,40.0,0.76
1,4,Van,22,19,0.0066,1.97,unobstructed,39.87,0.765
1,4,PrivateCar,146,146,0.0,1.79,unobstructed,40.0,0.76
1,4,Jeep,31,31,0.0,1.97,unobstructed,40.0,0.76
1,4,Truck,20,20,0.0,0.29,unobstructed,40.0,0.76
1,4,Micro,46,46,0.0,1.72,unobstructed,40.0,0.76
1,5,Bus,27,27,0.0,0.36,unobstructed,40.0,0.76
1,5,Autorickshaw,66,60,0.0132,0.16,unobstructed,39.74,0.77
1,5,Van,15,15,0.0,0.67,unobstructed,40.0,0.76
1,5,PrivateCar,134,134,0.0,1.97,unobstructed,40.0,0.76
1,5,Jeep,20,17,0.0066,0.63,unobstructed,39.87,0.765
1,5,Truck,13,11,0.0044,0.12,unobstructed,39.91,0.7633
1,5,Micro,33,28,0.011,0.9,unobstructed,39.78,0.7684
1,6,Bus,23,21,0.0044,0.42,unobstructed,39.91,0.7633
1,6,Autorickshaw,55,55,0.0,1.55,unobstructed,40.0,0.76
1,6,Van,12,10,0.0044,1.15,unobstructed,39.91,0.7633
1,6,PrivateCar,100,96,0.0088,0.32,unobstructed,39.82,0.7667
1,6,Jeep,20,19,0.0022,1.57,unobstructed,39.96,0.7617
1,6,Truck,12,11,0.0022,1.56,unobstructed,39.96,0.7617
1,6,Micro,30,29,0.0022,0.26,unobstructed,39.96,0.7617
1,7,Bus,36,35,0.0022,0.87,unobstructed,39.96,0.7617
1,7,Autorickshaw,69,69,0.0,0.86,unobstructed,40.0,0.76
1,7,Van,15,15,0.0,0.86,unobstructed,40.0,0.76
1,7,PrivateCar,151,141,0.0219,0.95,unobstructed,39.57,0.7766
1,7,Jeep,30,30,0.0,0.01,unobstructed,40.0,0.76
1,7,Truck,15,14,0.0022,1.07,unobstructed,39.96,0.7617
1,7,Micro,45,45,0.0,1.46,unobstructed,40.0,0.76
1,8,Bus,16,15,0.0022,1.9,unobstructed,39.96,0.7617
1,8,Autorickshaw,38,38,0.0,1.78,unobstructed,40.0,0.76
1,8,Van,8,8,0.0,1.51,unobstructed,40.0,0.76
1,8,PrivateCar,67,57,0.0219,1.06,unobstructed,39.57,0.7766
1,8,Jeep,16,16,0.0,0.04,unobstructed,40.0,0.76
1,8,Truck,10,10,0.0,0.01,unobstructed,40.0,0.76
1,8,Micro,23,23,0.0,1.47,unobstructed,40.0,0.76
1,9,Bus,41,37,0.0088,0.45,unobstructed,39.82,0.7667
1,9,Autorickshaw,101,92,0.0197,1.75,unobstructed,39.61,0.775
1,9,Van,19,17,0.0044,0.62,unobstructed,39.91,0.7633
1,9,PrivateCar,165,165,0.0,0.21,unobstructed,40.0,0.76
1,9,Jeep,32,28,0.0088,1.01,unobstructed,39.82,0.7667
1,9,Truck,15,15,0.0,0.61,unobstructed,40.0,0.76
1,9,Micro,36,36,0.0,0.13,unobstructed,40.0,0.76
1,10,Bus,14,12,0.0044,0.09,unobstructed,39.91,0.7633
1,10,Autorickshaw,44,41,0.0066,1.9,unobstructed,39.87,0.765
1,10,Van,9,8,0.0022,0.91,unobstructed,39.96,0.7617
1,10,PrivateCar,70,70,0.0,1.04,unobstructed,40.0,0.76
1,10,Jeep,11,11,0.0,1.05,unobstructed,40.0,0.76
1,10,Truck,7,6,0.0022,0.87,unobstructed,39.96,0.7617
1,10,Micro,22,22,0.0,1.37,unobstructed,40.0,0.76
1,11,Bus,35,35,0.0,0.27,unobstructed,40.0,0.76
1,11,Autorickshaw,105,104,0.0022,1.99,unobstructed,39.96,0.7617
1,11,Van,19,19,0.0,0.98,unobstructed,40.0,0.76
1,11,PrivateCar,139,139,0.0,1.5,unobstructed,40.0,0.76
1,11,Jeep,33,31,0.0044,0.33,unobstructed,39.91,0.7633
1,11,Truck,22,22,0.0,1.81,unobstructed,40.0,0.76
1,11,Micro,39,37,0.0044,1.62,unobstructed,39.91,0.7633
1,12,Bus,18,17,0.0022,0.04,unobstructed,39.96,0.7617
1,12,Autorickshaw,57,52,0.011,0.45,unobstructed,39.78,0.7684
1,12,Van,12,12,0.0,1.97,unobstructed,40.0,0.76
1,12,PrivateCar,82,82,0.0,0.42,unobstructed,40.0,0.76
1,12,Jeep,17,17,0.0,0.04,unobstructed,40.0,0.76
1,12,Truck,12,11,0.0022,1.01,unobstructed,39.96,0.7617
1,12,Micro,27,27,0.0,0.25,unobstructed,40.0,0.76
1,13,Bus,30,30,0.0,1.42,unobstructed,40.0,0.76
1,13,Autorickshaw,78,69,0.0197,1.58,unobstructed,39.61,0.775
1,13,Van,15,12,0.0066,0.75,unobstructed,39.87,0.765
1,13,PrivateCar,148,130,0.0395,1.28,unobstructed,39.23,0.79
1,13,Jeep,22,22,0.0,1.54,unobstructed,40.0,0.76
1,13,Truck,14,13,0.0022,1.25,unobstructed,39.96,0.7617
1,13,Micro,43,43,0.0,1.19,unobstructed,40.0,0.76
1,14,Bus,145,145,0.0,0.1,unobstructed,40.0,0.76
1,14,Autorickshaw,389,389,0.0,0.22,unobstructed,40.0,0.76
1,14,Van,95,95,0.0,1.67,unobstructed,40.0,0.76
1,14,PrivateCar,660,616,0.0965,0.1,unobstructed,38.16,0.8333
1,14,Jeep,120,109,0.0241,0.23,unobstructed,39.52,0.7783
1,14,Truck,68,62,0.0132,0.89,unobstructed,39.74,0.77
1,14,Micro,159,159,0.0,0.25,unobstructed,40.0,0.76
1,15,Bus,148,148,0.0,0.51,unobstructed,40.0,0.76
1,15,Autorickshaw,252,235,0.0373,1.4,unobstructed,39.27,0.7883
1,15,Van,90,90,0.0,0.41,unobstructed,40.0,0.76
1,15,PrivateCar,576,505,0.1557,1.37,unobstructed,37.11,0.8783
1,15,Jeep,90,90,0.0,0.02,unobstructed,40.0,0.76
1,15,Truck,75,64,0.0241,0.84,unobstructed,39.52,0.7783
1,15,Micro,142,142,0.0,0.2,unobstructed,40.0,0.76
1,16,Bus,140,140,0.0,1.04,unobstructed,40.0,0.76
1,16,Autorickshaw,389,389,0.0,1.25,unobstructed,40.0,0.76
1,16,Van,107,98,0.0197,1.4,unobstructed,39.61,0.775
1,16,PrivateCar,705,705,0.0,0.84,unobstructed,40.0,0.76
1,16,Jeep,132,123,0.0197,1.8,unobstructed,39.61,0.775
1,16,Truck,94,94,0.0,1.02,unobstructed,40.0,0.76
1,16,Micro,193,193,0.0,1.24,unobstructed,40.0,0.76
1,17,Bus,124,110,0.0307,0.57,unobstructed,39.4,0.7833
1,17,Autorickshaw,245,245,0.0,1.57,unobstructed,40.0,0.76
1,17,Van,67,57,0.0219,1.0,unobstructed,39.57,0.7766
1,17,PrivateCar,392,348,0.0965,1.22,unobstructed,38.16,0.8333
1,17,Jeep,83,73,0.0219,1.56,unobstructed,39.57,0.7766
1,17,Truck,44,43,0.0022,1.66,unobstructed,39.96,0.7617
1,17,Micro,122,122,0.0,1.95,unobstructed,40.0,0.76
1,18,Bus,118,118,0.0,0.72,unobstructed,40.0,0.76
1,18,Autorickshaw,350,350,0.0,0.82,unobstructed,40.0,0.76
1,18,Van,85,79,0.0132,0.32,unobstructed,39.74,0.77
1,18,PrivateCar,566,486,0.1754,1.1,unobstructed,36.77,0.8933
1,18,Jeep,128,128,0.0,1.82,unobstructed,40.0,0.76
1,18,Truck,64,56,0.0175,1.38,unobstructed,39.65,0.7733
1,18,Micro,174,171,0.0066,0.96,unobstructed,39.87,0.765
1,19,Bus,155,138,0.0373,0.47,unobstructed,39.27,0.7883
1,19,Autorickshaw,341,341,0.0,0.03,unobstructed,40.0,0.76
1,19,Van,103,103,0.0,0.18,unobstructed,40.0,0.76
1,19,PrivateCar,637,637,0.0,0.22,unobstructed,40.0,0.76
1,19,Jeep,122,122,0.0,1.15,unobstructed,40.0,0.76
1,19,Truck,81,81,0.0,0.99,unobstructed,40.0,0.76
1,19,Micro,169,169,0.0,1.9,unobstructed,40.0,0.76
1,20,Bus,169,169,0.0,1.56,unobstructed,40.0,0.76
1,20,Autorickshaw,386,386,0.0,0.15,unobstructed,40.0,0.76
1,20,Van,96,96,0.0,1.45,unobstructed,40.0,0.76
1,20,PrivateCar,636,636,0.0,1.81,unobstructed,40.0,0.76
1,20,Jeep,122,115,0.0154,1.29,unobstructed,39.69,0.7717
1,20,Truck,74,74,0.0,0.91,unobstructed,40.0,0.76
1,20,Micro,213,211,0.0044,1.95,unobstructed,39.91,0.7633
1,21,Bus,89,87,0.0044,0.53,unobstructed,39.91,0.7633
1,21,Autorickshaw,281,270,0.0241,0.1,unobstructed,39.52,0.7783
1,21,Van,54,46,0.0175,1.63,unobstructed,39.65,0.7733
1,21,PrivateCar,505,505,0.0,1.75,unobstructed,40.0,0.76
1,21,Jeep,91,88,0.0066,1.7,unobstructed,39.87,0.765
1,21,Truck,61,61,0.0,0.72,unobstructed,40.0,0.76
1,21,Micro,124,124,0.0,1.35,unobstructed,40.0,0.76
1,22,Bus,56,52,0.0088,0.85,unobstructed,39.82,0.7667
1,22,Autorickshaw,124,124,0.0,0.23,unobstructed,40.0,0.76
1,22,Van,31,30,0.0022,1.7,unobstructed,39.96,0.7617
1,22,PrivateCar,280,267,0.0285,1.78,unobstructed,39.44,0.7817
1,22,Jeep,50,44,0.0132,0.02,unobstructed,39.74,0.77
1,22,Truck,28,25,0.0066,0.28,unobstructed,39.87,0.765
1,22,Micro,71,71,0.0,1.29,unobstructed,40.0,0.76
1,23,Bus,87,87,0.0,0.66,unobstructed,40.0,0.76
1,23,Autorickshaw,203,203,0.0,1.79,unobstructed,40.0,0.76
1,23,Van,52,52,0.0,1.91,unobstructed,40.0,0.76
1,23,PrivateCar,269,250,0.0417,0.54,unobstructed,39.18,0.7917
1,23,Jeep,73,73,0.0,1.47,unobstructed,40.0,0.76
1,23,Truck,39,35,0.0088,0.75,unobstructed,39.82,0.7667
1,23,Micro,85,85,0.0,0.69,unobstructed,40.0,0.76
1,24,Bus,68,68,0.0,0.23,unobstructed,40.0,0.76
1,24,Autorickshaw,124,124,0.0,0.8,unobstructed,40.0,0.76
1,24,Van,35,34,0.0022,0.91,unobstructed,39.96,0.7617
1,24,PrivateCar,214,201,0.0285,1.67,unobstructed,39.44,0.7817
1,24,Jeep,46,46,0.0,1.38,unobstructed,40.0,0.76
1,24,Truck,32,32,0.0,0.96,unobstructed,40.0,0.76
1,24,Micro,64,64,0.0,0.84,unobstructed,40.0,0.76
1,25,Bus,51,50,0.0022,1.77,unobstructed,39.96,0.7617
1,25,Autorickshaw,143,143,0.0,0.33,unobstructed,40.0,0.76
1,25,Van,35,32,0.0066,0.27,unobstructed,39.87,0.765
1,25,PrivateCar,247,235,0.0263,1.45,unobstructed,39.48,0.78
1,25,Jeep,41,41,0.0,1.96,unobstructed,40.0,0.76
1,25,Truck,31,31,0.0,1.69,unobstructed,40.0,0.76
1,25,Micro,68,62,0.0132,0.21,unobstructed,39.74,0.77
1,26,Bus,73,66,0.0154,1.82,unobstructed,39.69,0.7717
1,26,Autorickshaw,253,253,0.0,0.97,unobstructed,40.0,0.76
1,26,Van,59,55,0.0088,1.14,unobstructed,39.82,0.7667
1,26,PrivateCar,303,302,0.0022,0.88,unobstructed,39.96,0.7617
1,26,Jeep,69,61,0.0175,1.22,unobstructed,39.65,0.7733
1,26,Truck,45,41,0.0088,1.56,unobstructed,39.82,0.7667
1,26,Micro,109,109,0.0,1.22,unobstructed,40.0,0.76
1,27,Bus,67,67,0.0,1.73,unobstructed,40.0,0.76
1,27,Autorickshaw,165,163,0.0044,1.76,unobstructed,39.91,0.7633
1,27,Van,35,33,0.0044,1.45,unobstructed,39.91,0.7633
1,27,PrivateCar,274,266,0.0175,1.78,unobstructed,39.65,0.7733
1,27,Jeep,59,55,0.0088,0.97,unobstructed,39.82,0.7667
1,27,Truck,33,33,0.0,0.98,unobstructed,40.0,0.76
1,27,Micro,73,73,0.0,1.78,unobstructed,40.0,0.76
1,28,Bus,79,75,0.0088,0.88,unobstructed,39.82,0.7667
1,28,Autorickshaw,172,151,0.0461,0.13,unobstructed,39.1,0.795
1,28,Van,43,41,0.0044,1.31,unobstructed,39.91,0.7633
1,28,PrivateCar,245,245,0.0,0.02,unobstructed,40.0,0.76
1,28,Jeep,64,58,0.0132,1.74,unobstructed,39.74,0.77
1,28,Truck,41,35,0.0132,1.05,unobstructed,39.74,0.77
1,28,Micro,93,93,0.0,1.49,unobstructed,40.0,0.76
1,29,Bus,73,69,0.0088,1.45,unobstructed,39.82,0.7667
1,29,Autorickshaw,186,186,0.0,0.45,unobstructed,40.0,0.76
1,29,Van,33,29,0.0088,1.91,unobstructed,39.82,0.7667
1,29,PrivateCar,237,213,0.0526,1.75,unobstructed,38.97,0.8
1,29,Jeep,45,45,0.0,1.04,unobstructed,40.0,0.76
1,29,Truck,27,27,0.0,1.38,unobstructed,40.0,0.76
1,29,Micro,83,82,0.0022,1.24,unobstructed,39.96,0.7617
1,30,Bus,79,79,0.0,0.87,unobstructed,40.0,0.76
1,30,Autorickshaw,212,212,0.0,1.45,unobstructed,40.0,0.76
1,30,Van,55,52,0.0066,0.96,unobstructed,39.87,0.765
1,30,PrivateCar,365,344,0.0461,1.33,unobstructed,39.1,0.795
1,30,Jeep,60,59,0.0022,1.28,unobstructed,39.96,0.7617
1,30,Truck,40,40,0.0,0.3,unobstructed,40.0,0.76
1,30,Micro,95,90,0.011,1.65,unobstructed,39.78,0.7684
1,31,Bus,61,52,0.0197,1.78,unobstructed,39.61,0.775
1,31,Autorickshaw,141,131,0.0219,1.23,unobstructed,39.57,0.7766
1,31,Van,39,39,0.0,0.02,unobstructed,40.0,0.76
1,31,PrivateCar,208,208,0.0,1.87,unobstructed,40.0,0.76
1,31,Jeep,47,47,0.0,1.01,unobstructed,40.0,0.76
1,31,Truck,36,36,0.0,0.94,unobstructed,40.0,0.76
1,31,Micro,60,60,0.0,0.99,unobstructed,40.0,0.76
1,32,Bus,67,67,0.0,0.33,unobstructed,40.0,0.76
1,32,Autorickshaw,185,185,0.0,1.5,unobstructed,40.0,0.76
1,32,Van,45,45,0.0,0.64,unobstructed,40.0,0.76
1,32,PrivateCar,350,350,0.0,0.66,unobstructed,40.0,0.76
1,32,Jeep,51,51,0.0,0.56,unobstructed,40.0,0.76
1,32,Truck,31,31,0.0,1.01,unobstructed,40.0,0.76
1,32,Micro,110,110,0.0,1.1,unobstructed,40.0,0.76
1,33,Bus,74,74,0.0,0.76,unobstructed,40.0,0.76
1,33,Autorickshaw,179,179,0.0,1.63,unobstructed,40.0,0.76
1,33,Van,50,43,0.0154,0.16,unobstructed,39.69,0.7717
1,33,PrivateCar,329,312,0.0373,0.89,unobstructed,39.27,0.7883
1,33,Jeep,58,58,0.0,1.15,unobstructed,40.0,0.76
1,33,Truck,37,34,0.0066,0.18,unobstructed,39.87,0.765
1,33,Micro,107,107,0.0,1.0,unobstructed,40.0,0.76
1,34,Bus,146,127,0.0417,0.63,unobstructed,39.18,0.7917
1,34,Autorickshaw,435,435,0.0,1.96,unobstructed,40.0,0.76
1,34,Van,94,94,0.0,1.49,unobstructed,40.0,0.76
1,34,PrivateCar,724,643,0.1776,0.04,unobstructed,36.74,0.895
1,34,Jeep,147,128,0.0417,0.81,unobstructed,39.18,0.7917
1,34,Truck,87,87,0.0,0.07,unobstructed,40.0,0.76
1,34,Micro,190,168,0.0482,1.1,unobstructed,39.06,0.7966
1,35,Bus,209,209,0.0,1.65,unobstructed,40.0,0.76
1,35,Autorickshaw,496,435,0.1338,1.58,unobstructed,37.49,0.8617
1,35,Van,113,113,0.0,1.93,unobstructed,40.0,0.76
1,35,PrivateCar,573,540,0.0724,1.28,unobstructed,38.6,0.815
1,35,Jeep,167,159,0.0175,1.78,unobstructed,39.65,0.7733
1,35,Truck,98,88,0.0219,1.12,unobstructed,39.57,0.7766
1,35,Micro,255,228,0.0592,1.31,unobstructed,38.85,0.805
1,36,Bus,164,164,0.0,0.91,unobstructed,40.0,0.76
1,36,Autorickshaw,358,358,0.0,0.68,unobstructed,40.0,0.76
1,36,Van,89,89,0.0,1.65,unobstructed,40.0,0.76
1,36,PrivateCar,677,677,0.0,1.63,unobstructed,40.0,0.76
1,36,Jeep,122,109,0.0285,1.69,unobstructed,39.44,0.7817
1,36,Truck,64,64,0.0,0.66,unobstructed,40.0,0.76
1,36,Micro,185,185,0.0,1.53,unobstructed,40.0,0.76
1,37,Bus,146,140,0.0132,1.2,unobstructed,39.74,0.77
1,37,Autorickshaw,467,467,0.0,1.43,unobstructed,40.0,0.76
1,37,Van,112,112,0.0,0.73,unobstructed,40.0,0.76
1,37,PrivateCar,797,733,0.1404,0.91,unobstructed,37.38,0.8667
1,37,Jeep,128,128,0.0,0.19,unobstructed,40.0,0.76
1,37,Truck,99,99,0.0,1.32,unobstructed,40.0,0.76
1,37,Micro,188,188,0.0,0.0,unobstructed,40.0,0.76
1,38,Bus,163,163,0.0,0.71,unobstructed,40.0,0.76
1,38,Autorickshaw,447,447,0.0,1.27,unobstructed,40.0,0.76
1,38,Van,97,87,0.0219,1.6,unobstructed,39.57,0.7766
1,38,PrivateCar,590,590,0.0,1.1,unobstructed,40.0,0.76
1,38,Jeep,154,133,0.0461,0.75,unobstructed,39.1,0.795
1,38,Truck,83,79,0.0088,0.21,unobstructed,39.82,0.7667
1,38,Micro,236,236,0.0,1.79,unobstructed,40.0,0.76
1,39,Bus,139,121,0.0395,0.98,unobstructed,39.23,0.79
1,39,Autorickshaw,339,333,0.0132,1.64,unobstructed,39.74,0.77
1,39,Van,98,98,0.0,1.49,unobstructed,40.0,0.76
1,39,PrivateCar,547,547,0.0,0.82,unobstructed,40.0,0.76
1,39,Jeep,147,147,0.0,0.51,unobstructed,40.0,0.76
1,39,Truck,95,92,0.0066,0.39,unobstructed,39.87,0.765
1,39,Micro,188,180,0.0175,0.24,unobstructed,39.65,0.7733
1,40,Bus,128,117,0.0241,1.7,unobstructed,39.52,0.7783
1,40,Autorickshaw,342,300,0.0921,0.43,unobstructed,38.24,0.83
1,40,Van,100,95,0.011,1.65,unobstructed,39.78,0.7684
1,40,PrivateCar,528,454,0.1623,0.38,unobstructed,37.0,0.8833
1,40,Jeep,143,141,0.0044,0.68,unobstructed,39.91,0.7633
1,40,Truck,87,87,0.0,1.51,unobstructed,40.0,0.76
1,40,Micro,182,182,0.0,0.09,unobstructed,40.0,0.76
1,41,Bus,155,141,0.0307,1.27,unobstructed,39.4,0.7833
1,41,Autorickshaw,398,398,0.0,1.34,unobstructed,40.0,0.76
1,41,Van,120,117,0.0066,0.25,unobstructed,39.87,0.765
1,41,PrivateCar,857,789,0.1491,1.78,unobstructed,37.22,0.8733
1,41,Jeep,131,120,0.0241,0.91,unobstructed,39.52,0.7783
1,41,Truck,101,101,0.0,1.18,unobstructed,40.0,0.76
1,41,Micro,191,191,0.0,1.01,unobstructed,40.0,0.76
1,42,Bus,164,164,0.0,1.93,unobstructed,40.0,0.76
1,42,Autorickshaw,401,401,0.0,0.01,unobstructed,40.0,0.76
1,42,Van,89,75,0.0307,1.47,unobstructed,39.4,0.7833
1,42,PrivateCar,611,611,0.0,1.11,unobstructed,40.0,0.76
1,42,Jeep,113,113,0.0,0.87,unobstructed,40.0,0.76
1,42,Truck,82,78,0.0088,1.17,unobstructed,39.82,0.7667
1,42,Micro,230,230,0.0,1.85,unobstructed,40.0,0.76
1,43,Bus,184,157,0.0592,1.56,unobstructed,38.85,0.805
1,43,Autorickshaw,507,437,0.1535,1.82,unobstructed,37.15,0.8767
1,43,Van,105,101,0.0088,1.38,unobstructed,39.82,0.7667
1,43,PrivateCar,808,773,0.0768,0.35,unobstructed,38.52,0.8184
1,43,Jeep,121,111,0.0219,1.63,unobstructed,39.57,0.7766
1,43,Truck,97,85,0.0263,0.21,unobstructed,39.48,0.78
1,43,Micro,228,228,0.0,1.32,unobstructed,40.0,0.76
1,44,Bus,17,16,0.0022,1.21,unobstructed,39.96,0.7617
1,44,Autorickshaw,46,46,0.0,0.64,unobstructed,40.0,0.76
1,44,Van,11,11,0.0,1.76,unobstructed,40.0,0.76
1,44,PrivateCar,72,65,0.0154,0.84,unobstructed,39.69,0.7717
1,44,Jeep,12,12,0.0,1.22,unobstructed,40.0,0.76
1,44,Truck,10,8,0.0044,1.39,unobstructed,39.91,0.7633
1,44,Micro,19,19,0.0,0.5,unobstructed,40.0,0.76
1,45,Bus,34,32,0.0044,0.8,unobstructed,39.91,0.7633
1,45,Autorickshaw,85,85,0.0,0.69,unobstructed,40.0,0.76
1,45,Van,22,18,0.0088,0.59,unobstructed,39.82,0.7667
1,45,PrivateCar,157,146,0.0241,1.61,unobstructed,39.52,0.7783
1,45,Jeep,34,29,0.011,0.28,unobstructed,39.78,0.7684
1,45,Truck,19,17,0.0044,1.21,unobstructed,39.91,0.7633
1,45,Micro,49,48,0.0022,1.77,unobstructed,39.96,0.7617
1,46,Bus,24,24,0.0,1.02,unobstructed,40.0,0.76
1,46,Autorickshaw,56,50,0.0132,1.69,unobstructed,39.74,0.77
1,46,Van,16,15,0.0022,1.1,unobstructed,39.96,0.7617
1,46,PrivateCar,111,103,0.0175,0.63,unobstructed,39.65,0.7733
1,46,Jeep,16,15,0.0022,1.47,unobstructed,39.96,0.7617
1,46,Truck,12,12,0.0,1.11,unobstructed,40.0,0.76
1,46,Micro,26,24,0.0044,0.43,unobstructed,39.91,0.7633
1,47,Bus,16,15,0.0022,0.42,unobstructed,39.96,0.7617
1,47,Autorickshaw,41,41,0.0,1.43,unobstructed,40.0,0.76
1,47,Van,9,8,0.0022,1.37,unobstructed,39.96,0.7617
1,47,PrivateCar,68,68,0.0,1.84,unobstructed,40.0,0.76
1,47,Jeep,16,16,0.0,0.27,unobstructed,40.0,0.76
1,47,Truck,8,8,0.0,1.42,unobstructed,40.0,0.76
1,47,Micro,23,19,0.0088,1.95,unobstructed,39.82,0.7667
2,0,Bus,30,30,0.0,0.36,unobstructed,60.0,3.15
2,0,Autorickshaw,83,74,0.0036,1.08,unobstructed,59.89,3.1613
2,0,Van,15,15,0.0,1.27,unobstructed,60.0,3.15
2,0,PrivateCar,136,133,0.0012,1.42,unobstructed,59.96,3.1538
2,0,Jeep,21,19,0.0008,1.52,unobstructed,59.98,3.1525
2,0,Truck,16,15,0.0004,1.12,unobstructed,59.99,3.1513
2,0,Micro,44,37,0.0028,1.17,unobstructed,59.92,3.1588
2,1,Bus,18,17,0.0004,1.89,unobstructed,59.99,3.1513
2,1,Autorickshaw,44,38,0.0024,1.42,unobstructed,59.93,3.1576
2,1,Van,9,8,0.0004,1.35,unobstructed,59.99,3.1513
2,1,PrivateCar,69,64,0.002,1.79,unobstructed,59.94,3.1563
2,1,Jeep,17,14,0.0012,1.07,unobstructed,59.96,3.1538
2,1,Truck,8,8,0.0,1.75,unobstructed,60.0,3.15
2,1,Micro,26,23,0.0012,0.84,unobstructed,59.96,3.1538
2,2,Bus,37,33,0.0016,0.03,unobstructed,59.95,3.155
2,2,Autorickshaw,86,86,0.0,0.21,unobstructed,60.0,3.15
2,2,Van,24,21,0.0012,0.76,unobstructed,59.96,3.1538
2,2,PrivateCar,117,102,0.006,0.11,unobstructed,59.82,3.1689
2,2,Jeep,23,23,0.0,0.11,unobstructed,60.0,3.15
2,2,Truck,20,20,0.0,0.53,unobstructed,60.0,3.15
2,2,Micro,48,48,0.0,1.57,unobstructed,60.0,3.15
2,3,Bus,34,34,0.0,1.97,unobstructed,60.0,3.15
2,3,Autorickshaw,69,64,0.002,1.37,unobstructed,59.94,3.1563
2,3,Van,16,16,0.0,0.29,unobstructed,60.0,3.15
2,3,PrivateCar,136,122,0.0056,0.12,unobstructed,59.83,3.1676
2,3,Jeep,23,21,0.0008,1.57,unobstructed,59.98,3.1525
2,3,Truck,18,18,0.0,0.41,unobstructed,60.0,3.15
2,3,Micro,34,33,0.0004,1.08,unobstructed,59.99,3.1513
2,4,Bus,24,23,0.0004,0.72,unobstructed,59.99,3.1513
2,4,Autorickshaw,68,60,0.0032,0.91,unobstructed,59.9,3.1601
2,4,Van,16,13,0.0012,1.23,unobstructed,59.96,3.1538
2,4,PrivateCar,92,92,0.0,1.35,unobstructed,60.0,3.15
2,4,Jeep,19,18,0.0004,1.12,unobstructed,59.99,3.1513
2,4,Truck,11,11,0.0,0.45,unobstructed,60.0,3.15
2,4,Micro,24,22,0.0008,1.29,unobstructed,59.98,3.1525
2,5,Bus,16,16,0.0,0.78,unobstructed,60.0,3.15
2,5,Autorickshaw,34,34,0.0,1.02,unobstructed,60.0,3.15
2,5,Van,10,10,0.0,1.59,unobstructed,60.0,3.15
2,5,PrivateCar,74,65,0.0036,1.39,unobstructed,59.89,3.1613
2,5,Jeep,13,13,0.0,1.39,unobstructed,60.0,3.15
2,5,Truck,9,9,0.0,0.09,unobstructed,60.0,3.15
2,5,Micro,18,16,0.0008,0.76,unobstructed,59.98,3.1525
2,6,Bus,34,34,0.0,0.83,unobstructed,60.0,3.15
2,6,Autorickshaw,92,86,0.0024,1.58,unobstructed,59.93,3.1576
2,6,Van,19,17,0.0008,1.37,unobstructed,59.98,3.1525
2,6,PrivateCar,181,168,0.0052,1.93,unobstructed,59.84,3.1664
2,6,Jeep,32,32,0.0,0.11,unobstructed,60.0,3.15
2,6,Truck,16,16,0.0,1.49,unobstructed,60.0,3.15
2,6,Micro,47,47,0.0,0.41,unobstructed,60.0,3.15
2,7,Bus,20,20,0.0,1.74,unobstructed,60.0,3.15
2,7,Autorickshaw,43,43,0.0,1.72,unobstructed,60.0,3.15
2,7,Van,9,9,0.0,0.89,unobstructed,60.0,3.15
2,7,PrivateCar,64,64,0.0,0.45,unobstructed,60.0,3.15
2,7,Jeep,17,15,0.0008,1.27,unobstructed,59.98,3.1525
2,7,Truck,8,8,0.0,1.42,unobstructed,60.0,3.15
2,7,Micro,24,20,0.0016,0.74,unobstructed,59.95,3.155
2,8,Bus,37,37,0.0,1.18,unobstructed,60.0,3.15
2,8,Autorickshaw,82,75,0.0028,1.48,unobstructed,59.92,3.1588
2,8,Van,25,24,0.0004,0.39,unobstructed,59.99,3.1513
2,8,PrivateCar,146,146,0.0,1.45,unobstructed,60.0,3.15
2,8,Jeep,25,24,0.0004,0.39,unobstructed,59.99,3.1513
2,8,Truck,18,17,0.0004,0.9,unobstructed,59.99,3.1513
2,8,Micro,38,38,0.0,1.97,unobstructed,60.0,3.15
2,9,Bus,27,25,0.0008,0.15,unobstructed,59.98,3.1525
2,9,Autorickshaw,52,52,0.0,1.92,unobstructed,60.0,3.15
2,9,Van,13,11,0.0008,1.47,unobstructed,59.98,3.1525
2,9,PrivateCar,82,72,0.004,0.24,unobstructed,59.88,3.1626
2,9,Jeep,18,16,0.0008,0.08,unobstructed,59.98,3.1525
2,9,Truck,9,9,0.0,0.56,unobstructed,60.0,3.15
2,9,Micro,31,30,0.0004,0.53,unobstructed,59.99,3.1513
2,10,Bus,45,45,0.0,0.32,unobstructed,60.0,3.15
2,10,Autorickshaw,110,110,0.0,1.69,unobstructed,60.0,3.15
2,10,Van,20,17,0.0012,0.01,unobstructed,59.96,3.1538
2,10,PrivateCar,187,185,0.0008,0.93,unobstructed,59.98,3.1525
2,10,Jeep,35,34,0.0004,1.87,unobstructed,59.99,3.1513
2,10,Truck,16,15,0.0004,0.08,unobstructed,59.99,3.1513
2,10,Micro,46,42,0.0016,1.86,unobstructed,59.95,3.155
2,11,Bus,24,22,0.0008,1.19,unobstructed,59.98,3.1525
2,11,Autorickshaw,73,73,0.0,1.55,unobstructed,60.0,3.15
2,11,Van,18,16,0.0008,1.25,unobstructed,59.98,3.1525
2,11,PrivateCar,95,83,0.0048,1.69,unobstructed,59.86,3.1651
2,11,Jeep,20,18,0.0008,0.6,unobstructed,59.98,3.1525
2,11,Truck,13,12,0.0004,1.58,unobstructed,59.99,3.1513
2,11,Micro,29,25,0.0016,1.1,unobstructed,59.95,3.155
2,12,Bus,27,25,0.0008,0.15,unobstructed,59.98,3.1525
2,12,Autorickshaw,66,65,0.0004,1.42,unobstructed,59.99,3.1513
2,12,Van,17,17,0.0,1.05,unobstructed,60.0,3.15
2,12,PrivateCar,121,121,0.0,1.91,unobstructed,60.0,3.15
2,12,Jeep,19,16,0.0012,1.04,unobstructed,59.96,3.1538
2,12,Truck,13,13,0.0,1.57,unobstructed,60.0,3.15
2,12,Micro,35,33,0.0008,0.32,unobstructed,59.98,3.1525
2,13,Bus,19,18,0.0004,1.09,unobstructed,59.99,3.1513
2,13,Autorickshaw,36,31,0.002,0.81,unobstructed,59.94,3.1563
2,13,Van,12,12,0.0,0.7,unobstructed,60.0,3.15
2,13,PrivateCar,75,67,0.0032,1.77,unobstructed,59.9,3.1601
2,13,Jeep,17,15,0.0008,1.33,unobstructed,59.98,3.1525
2,13,Truck,10,9,0.0004,0.66,unobstructed,59.99,3.1513
2,13,Micro,21,21,0.0,0.59,unobstructed,60.0,3.15
2,14,Bus,169,169,0.0,1.9,unobstructed,60.0,3.15
2,14,Autorickshaw,393,391,0.0008,1.24,unobstructed,59.98,3.1525
2,14,Van,100,99,0.0004,0.95,unobstructed,59.99,3.1513
2,14,PrivateCar,526,499,0.0107,1.12,unobstructed,59.68,3.1837
2,14,Jeep,110,107,0.0012,1.5,unobstructed,59.96,3.1538
2,14,Truck,75,75,0.0,1.3,unobstructed,60.0,3.15
2,14,Micro,224,224,0.0,0.23,unobstructed,60.0,3.15
2,15,Bus,131,131,0.0,0.69,unobstructed,60.0,3.15
2,15,Autorickshaw,413,413,0.0,0.48,unobstructed,60.0,3.15
2,15,Van,77,66,0.0044,1.28,unobstructed,59.87,3.1639
2,15,PrivateCar,574,574,0.0,1.84,unobstructed,60.0,3.15
2,15,Jeep,126,126,0.0,0.49,unobstructed,60.0,3.15
2,15,Truck,68,68,0.0,0.08,unobstructed,60.0,3.15
2,15,Micro,155,155,0.0,1.77,unobstructed,60.0,3.15
2,16,Bus,133,130,0.0012,0.76,unobstructed,59.96,3.1538
2,16,Autorickshaw,354,344,0.004,1.59,unobstructed,59.88,3.1626
2,16,Van,80,80,0.0,0.23,unobstructed,60.0,3.15
2,16,PrivateCar,637,631,0.0024,0.51,unobstructed,59.93,3.1576
2,16,Jeep,139,139,0.0,1.45,unobstructed,60.0,3.15
2,16,Truck,82,82,0.0,0.05,unobstructed,60.0,3.15
2,16,Micro,187,187,0.0,1.03,unobstructed,60.0,3.15
2,17,Bus,129,129,0.0,1.54,unobstructed,60.0,3.15
2,17,Autorickshaw,320,320,0.0,1.03,unobstructed,60.0,3.15
2,17,Van,83,83,0.0,1.02,unobstructed,60.0,3.15
2,17,PrivateCar,623,623,0.0,0.97,unobstructed,60.0,3.15
2,17,Jeep,121,112,0.0036,0.59,unobstructed,59.89,3.1613
2,17,Truck,67,67,0.0,1.3,unobstructed,60.0,3.15
2,17,Micro,148,139,0.0036,0.64,unobstructed,59.89,3.1613
2,18,Bus,203,203,0.0,0.16,unobstructed,60.0,3.15
2,18,Autorickshaw,443,443,0.0,0.19,unobstructed,60.0,3.15
2,18,Van,101,100,0.0004,1.94,unobstructed,59.99,3.1513
2,18,PrivateCar,698,698,0.0,1.55,unobstructed,60.0,3.15
2,18,Jeep,148,138,0.004,1.07,unobstructed,59.88,3.1626
2,18,Truck,87,87,0.0,1.25,unobstructed,60.0,3.15
2,18,Micro,237,229,0.0032,0.42,unobstructed,59.9,3.1601
2,19,Bus,139,124,0.006,1.26,unobstructed,59.82,3.1689
2,19,Autorickshaw,246,246,0.0,0.43,unobstructed,60.0,3.15
2,19,Van,62,62,0.0,1.37,unobstructed,60.0,3.15
2,19,PrivateCar,534,534,0.0,1.67,unobstructed,60.0,3.15
2,19,Jeep,89,89,0.0,0.41,unobstructed,60.0,3.15
2,19,Truck,57,57,0.0,1.66,unobstructed,60.0,3.15
2,19,Micro,137,120,0.0067,1.76,unobstructed,59.8,3.1711
2,20,Bus,139,120,0.0075,1.48,unobstructed,59.78,3.1736
2,20,Autorickshaw,433,397,0.0143,0.87,unobstructed,59.57,3.195
2,20,Van,83,73,0.004,1.63,unobstructed,59.88,3.1626
2,20,PrivateCar,580,575,0.002,0.14,unobstructed,59.94,3.1563
2,20,Jeep,133,118,0.006,1.37,unobstructed,59.82,3.1689
2,20,Truck,92,92,0.0,0.05,unobstructed,60.0,3.15
2,20,Micro,161,161,0.0,1.43,unobstructed,60.0,3.15
2,21,Bus,164,164,0.0,0.08,unobstructed,60.0,3.15
2,21,Autorickshaw,439,410,0.0115,0.15,unobstructed,59.66,3.1862
2,21,Van,91,78,0.0052,0.36,unobstructed,59.84,3.1664
2,21,PrivateCar,735,735,0.0,0.5,unobstructed,60.0,3.15
2,21,Jeep,118,118,0.0,0.14,unobstructed,60.0,3.15
2,21,Truck,94,80,0.0056,1.64,unobstructed,59.83,3.1676
2,21,Micro,232,226,0.0024,1.82,unobstructed,59.93,3.1576
2,22,Bus,99,85,0.0056,0.82,unobstructed,59.83,3.1676
2,22,Autorickshaw,231,231,0.0,0.9,unobstructed,60.0,3.15
2,22,Van,44,44,0.0,0.81,unobstructed,60.0,3.15
2,22,PrivateCar,391,366,0.0099,0.63,unobstructed,59.7,3.1812
2,22,Jeep,55,51,0.0016,0.78,unobstructed,59.95,3.155
2,22,Truck,44,44,0.0,0.24,unobstructed,60.0,3.15
2,22,Micro,95,93,0.0008,0.01,unobstructed,59.98,3.1525
2,23,Bus,80,80,0.0,1.44,unobstructed,60.0,3.15
2,23,Autorickshaw,162,162,0.0,0.13,unobstructed,60.0,3.15
2,23,Van,43,43,0.0,1.49,unobstructed,60.0,3.15
2,23,PrivateCar,295,295,0.0,0.09,unobstructed,60.0,3.15
2,23,Jeep,67,67,0.0,1.7,unobstructed,60.0,3.15
2,23,Truck,31,29,0.0008,0.72,unobstructed,59.98,3.1525
2,23,Micro,87,87,0.0,1.01,unobstructed,60.0,3.15
2,24,Bus,68,68,0.0,0.58,unobstructed,60.0,3.15
2,24,Autorickshaw,151,147,0.0016,1.37,unobstructed,59.95,3.155
2,24,Van,36,34,0.0008,1.21,unobstructed,59.98,3.1525
2,24,PrivateCar,220,220,0.0,0.56,unobstructed,60.0,3.15
2,24,Jeep,52,52,0.0,1.85,unobstructed,60.0,3.15
2,24,Truck,26,25,0.0004,0.76,unobstructed,59.99,3.1513
2,24,Micro,77,71,0.0024,1.64,unobstructed,59.93,3.1576
2,25,Bus,72,72,0.0,0.06,unobstructed,60.0,3.15
2,25,Autorickshaw,151,144,0.0028,0.31,unobstructed,59.92,3.1588
2,25,Van,37,37,0.0,0.44,unobstructed,60.0,3.15
2,25,PrivateCar,275,246,0.0115,1.49,unobstructed,59.66,3.1862
2,25,Jeep,60,60,0.0,1.59,unobstructed,60.0,3.15
2,25,Truck,40,40,0.0,1.7,unobstructed,60.0,3.15
2,25,Micro,90,90,0.0,0.59,unobstructed,60.0,3.15
2,26,Bus,83,76,0.0028,1.27,unobstructed,59.92,3.1588
2,26,Autorickshaw,250,248,0.0008,0.6,unobstructed,59.98,3.1525
2,26,Van,51,51,0.0,1.77,unobstructed,60.0,3.15
2,26,PrivateCar,335,335,0.0,1.93,unobstructed,60.0,3.15
2,26,Jeep,82,82,0.0,1.73,unobstructed,60.0,3.15
2,26,Truck,49,49,0.0,1.3,unobstructed,60.0,3.15
2,26,Micro,116,116,0.0,1.91,unobstructed,60.0,3.15
2,27,Bus,86,86,0.0,0.02,unobstructed,60.0,3.15
2,27,Autorickshaw,189,181,0.0032,1.75,unobstructed,59.9,3.1601
2,27,Van,54,47,0.0028,0.28,unobstructed,59.92,3.1588
2,27,PrivateCar,352,352,0.0,0.08,unobstructed,60.0,3.15
2,27,Jeep,54,54,0.0,1.15,unobstructed,60.0,3.15
2,27,Truck,33,33,0.0,0.79,unobstructed,60.0,3.15
2,27,Micro,91,91,0.0,1.1,unobstructed,60.0,3.15
2,28,Bus,81,81,0.0,0.17,unobstructed,60.0,3.15
2,28,Autorickshaw,191,165,0.0103,0.42,unobstructed,59.69,3.1824
2,28,Van,41,39,0.0008,1.48,unobstructed,59.98,3.1525
2,28,PrivateCar,334,334,0.0,1.45,unobstructed,60.0,3.15
2,28,Jeep,69,65,0.0016,0.42,unobstructed,59.95,3.155
2,28,Truck,32,29,0.0012,1.81,unobstructed,59.96,3.1538
2,28,Micro,78,71,0.0028,1.7,unobstructed,59.92,3.1588
2,29,Bus,60,60,0.0,0.28,unobstructed,60.0,3.15
2,29,Autorickshaw,151,131,0.0079,0.37,unobstructed,59.76,3.1749
2,29,Van,43,43,0.0,1.23,unobstructed,60.0,3.15
2,29,PrivateCar,245,229,0.0063,0.51,unobstructed,59.81,3.1698
2,29,Jeep,43,38,0.002,0.23,unobstructed,59.94,3.1563
2,29,Truck,32,32,0.0,1.34,unobstructed,60.0,3.15
2,29,Micro,88,84,0.0016,1.13,unobstructed,59.95,3.155
2,30,Bus,84,84,0.0,0.11,unobstructed,60.0,3.15
2,30,Autorickshaw,197,172,0.0099,1.5,unobstructed,59.7,3.1812
2,30,Van,61,61,0.0,1.98,unobstructed,60.0,3.15
2,30,PrivateCar,296,296,0.0,1.1,unobstructed,60.0,3.15
2,30,Jeep,58,58,0.0,1.29,unobstructed,60.0,3.15
2,30,Truck,41,36,0.002,0.15,unobstructed,59.94,3.1563
2,30,Micro,124,124,0.0,1.34,unobstructed,60.0,3.15
2,31,Bus,98,96,0.0008,0.5,unobstructed,59.98,3.1525
2,31,Autorickshaw,215,210,0.002,0.39,unobstructed,59.94,3.1563
2,31,Van,47,43,0.0016,1.16,unobstructed,59.95,3.155
2,31,PrivateCar,325,291,0.0135,1.9,unobstructed,59.6,3.1925
2,31,Jeep,57,57,0.0,0.71,unobstructed,60.0,3.15
2,31,Truck,45,38,0.0028,1.34,unobstructed,59.92,3.1588
2,31,Micro,105,105,0.0,0.47,unobstructed,60.0,3.15
2,32,Bus,101,93,0.0032,0.57,unobstructed,59.9,3.1601
2,32,Autorickshaw,174,174,0.0,0.14,unobstructed,60.0,3.15
2,32,Van,51,51,0.0,0.39,unobstructed,60.0,3.15
2,32,PrivateCar,404,373,0.0123,0.97,unobstructed,59.63,3.1887
2,32,Jeep,57,55,0.0008,0.66,unobstructed,59.98,3.1525
2,32,Truck,44,44,0.0,1.32,unobstructed,60.0,3.15
2,32,Micro,117,104,0.0052,1.39,unobstructed,59.84,3.1664
2,33,Bus,80,80,0.0,0.3,unobstructed,60.0,3.15
2,33,Autorickshaw,222,222,0.0,1.13,unobstructed,60.0,3.15
2,33,Van,59,59,0.0,1.62,unobstructed,60.0,3.15
2,33,PrivateCar,321,321,0.0,1.92,unobstructed,60.0,3.15
2,33,Jeep,85,85,0.0,0.34,unobstructed,60.0,3.15
2,33,Truck,43,40,0.0012,0.63,unobstructed,59.96,3.1538
2,33,Micro,110,110,0.0,1.57,unobstructed,60.0,3.15
2,34,Bus,156,156,0.0,1.42,unobstructed,60.0,3.15
2,34,Autorickshaw,441,381,0.0238,1.28,unobstructed,59.29,3.225
2,34,Van,101,101,0.0,0.55,unobstructed,60.0,3.15
2,34,PrivateCar,686,686,0.0,0.72,unobstructed,60.0,3.15
2,34,Jeep,155,150,0.002,1.36,unobstructed,59.94,3.1563
2,34,Truck,82,74,0.0032,0.66,unobstructed,59.9,3.1601
2,34,Micro,219,201,0.0071,0.96,unobstructed,59.79,3.1724
2,35,Bus,162,144,0.0071,0.89,unobstructed,59.79,3.1724
2,35,Autorickshaw,335,290,0.0179,1.55,unobstructed,59.47,3.2064
2,35,Van,82,79,0.0012,0.97,unobstructed,59.96,3.1538
2,35,PrivateCar,574,554,0.0079,0.22,unobstructed,59.76,3.1749
2,35,Jeep,102,96,0.0024,1.29,unobstructed,59.93,3.1576
2,35,Truck,59,58,0.0004,0.16,unobstructed,59.99,3.1513
2,35,Micro,161,161,0.0,0.56,unobstructed,60.0,3.15
2,36,Bus,153,147,0.0024,1.65,unobstructed,59.93,3.1576
2,36,Autorickshaw,468,403,0.0258,1.78,unobstructed,59.24,3.2313
2,36,Van,93,93,0.0,0.39,unobstructed,60.0,3.15
2,36,PrivateCar,775,775,0.0,1.47,unobstructed,60.0,3.15
2,36,Jeep,132,120,0.0048,1.25,unobstructed,59.86,3.1651
2,36,Truck,108,101,0.0028,1.45,unobstructed,59.92,3.1588
2,36,Micro,261,238,0.0091,1.78,unobstructed,59.73,3.1787
2,37,Bus,152,152,0.0,1.7,unobstructed,60.0,3.15
2,37,Autorickshaw,368,368,0.0,1.26,unobstructed,60.0,3.15
2,37,Van,90,90,0.0,1.63,unobstructed,60.0,3.15
2,37,PrivateCar,533,491,0.0167,1.16,unobstructed,59.5,3.2026
2,37,Jeep,103,96,0.0028,1.54,unobstructed,59.92,3.1588
2,37,Truck,68,68,0.0,0.43,unobstructed,60.0,3.15
2,37,Micro,154,147,0.0028,0.07,unobstructed,59.92,3.1588
2,38,Bus,188,188,0.0,0.52,unobstructed,60.0,3.15
2,38,Autorickshaw,499,499,0.0,1.79,unobstructed,60.0,3.15
2,38,Van,106,96,0.004,1.08,unobstructed,59.88,3.1626
2,38,PrivateCar,707,610,0.0385,1.31,unobstructed,58.87,3.2713
2,38,Jeep,175,175,0.0,0.3,unobstructed,60.0,3.15
2,38,Truck,77,77,0.0,0.78,unobstructed,60.0,3.15
2,38,Micro,237,237,0.0,1.78,unobstructed,60.0,3.15
2,39,Bus,129,118,0.0044,1.18,unobstructed,59.87,3.1639
2,39,Autorickshaw,362,334,0.0111,1.71,unobstructed,59.67,3.185
2,39,Van,90,90,0.0,0.27,unobstructed,60.0,3.15
2,39,PrivateCar,550,550,0.0,1.0,unobstructed,60.0,3.15
2,39,Jeep,117,117,0.0,0.18,unobstructed,60.0,3.15
2,39,Truck,80,79,0.0004,0.73,unobstructed,59.99,3.1513
2,39,Micro,193,184,0.0036,0.02,unobstructed,59.89,3.1613
2,40,Bus,138,124,0.0056,0.48,unobstructed,59.83,3.1676
2,40,Autorickshaw,375,375,0.0,1.93,unobstructed,60.0,3.15
2,40,Van,96,96,0.0,1.96,unobstructed,60.0,3.15
2,40,PrivateCar,615,536,0.0313,1.37,unobstructed,59.08,3.2486
2,40,Jeep,122,105,0.0067,1.51,unobstructed,59.8,3.1711
2,40,Truck,54,48,0.0024,0.28,unobstructed,59.93,3.1576
2,40,Micro,171,148,0.0091,0.32,unobstructed,59.73,3.1787
2,41,Bus,120,118,0.0008,1.13,unobstructed,59.98,3.1525
2,41,Autorickshaw,269,269,0.0,1.13,unobstructed,60.0,3.15
2,41,Van,95,95,0.0,1.74,unobstructed,60.0,3.15
2,41,PrivateCar,580,495,0.0337,0.29,unobstructed,59.01,3.2562
2,41,Jeep,110,107,0.0012,1.46,unobstructed,59.96,3.1538
2,41,Truck,54,54,0.0,1.88,unobstructed,60.0,3.15
2,41,Micro,165,154,0.0044,0.08,unobstructed,59.87,3.1639
2,42,Bus,175,171,0.0016,1.52,unobstructed,59.95,3.155
2,42,Autorickshaw,459,414,0.0179,0.46,unobstructed,59.47,3.2064
2,42,Van,113,113,0.0,0.53,unobstructed,60.0,3.15
2,42,PrivateCar,583,583,0.0,0.47,unobstructed,60.0,3.15
2,42,Jeep,117,111,0.0024,1.34,unobstructed,59.93,3.1576
2,42,Truck,90,78,0.0048,1.04,unobstructed,59.86,3.1651
2,42,Micro,231,228,0.0012,1.58,unobstructed,59.96,3.1538
2,43,Bus,154,144,0.004,0.78,unobstructed,59.88,3.1626
2,43,Autorickshaw,388,339,0.0194,1.84,unobstructed,59.42,3.2111
2,43,Van,102,102,0.0,1.76,unobstructed,60.0,3.15
2,43,PrivateCar,465,451,0.0056,0.08,unobstructed,59.83,3.1676
2,43,Jeep,108,107,0.0004,1.3,unobstructed,59.99,3.1513
2,43,Truck,75,75,0.0,0.21,unobstructed,60.0,3.15
2,43,Micro,143,143,0.0,1.94,unobstructed,60.0,3.15
2,44,Bus,29,29,0.0,1.27,unobstructed,60.0,3.15
2,44,Autorickshaw,88,88,0.0,0.55,unobstructed,60.0,3.15
2,44,Van,21,19,0.0008,1.48,unobstructed,59.98,3.1525
2,44,PrivateCar,144,144,0.0,1.16,unobstructed,60.0,3.15
2,44,Jeep,25,23,0.0008,1.14,unobstructed,59.98,3.1525
2,44,Truck,18,18,0.0,0.75,unobstructed,60.0,3.15
2,44,Micro,34,34,0.0,0.76,unobstructed,60.0,3.15
2,45,Bus,27,27,0.0,1.18,unobstructed,60.0,3.15
2,45,Autorickshaw,60,54,0.0024,1.8,unobstructed,59.93,3.1576
2,45,Van,16,16,0.0,0.16,unobstructed,60.0,3.15
2,45,PrivateCar,141,141,0.0,0.5,unobstructed,60.0,3.15
2,45,Jeep,23,23,0.0,1.95,unobstructed,60.0,3.15
2,45,Truck,16,16,0.0,0.45,unobstructed,60.0,3.15
2,45,Micro,40,40,0.0,0.81,unobstructed,60.0,3.15
2,46,Bus,26,26,0.0,1.63,unobstructed,60.0,3.15
2,46,Autorickshaw,63,55,0.0032,0.69,unobstructed,59.9,3.1601
2,46,Van,16,15,0.0004,1.59,unobstructed,59.99,3.1513
2,46,PrivateCar,82,75,0.0028,1.77,unobstructed,59.92,3.1588
2,46,Jeep,16,16,0.0,0.01,unobstructed,60.0,3.15
2,46,Truck,12,12,0.0,1.76,unobstructed,60.0,3.15
2,46,Micro,35,33,0.0008,0.88,unobstructed,59.98,3.1525
2,47,Bus,34,33,0.0004,0.46,unobstructed,59.99,3.1513
2,47,Autorickshaw,65,65,0.0,1.03,unobstructed,60.0,3.15
2,47,Van,17,15,0.0008,0.56,unobstructed,59.98,3.1525
2,47,PrivateCar,127,122,0.002,0.3,unobstructed,59.94,3.1563
2,47,Jeep,27,25,0.0008,0.31,unobstructed,59.98,3.1525
2,47,Truck,13,11,0.0008,1.2,unobstructed,59.98,3.1525
2,47,Micro,33,31,0.0008,1.63,unobstructed,59.98,3.1525
3,0,Bus,29,28,0.0007,1.32,unobstructed,59.98,1.9013
3,0,Autorickshaw,78,68,0.0066,0.83,unobstructed,59.8,1.9125
3,0,Van,24,23,0.0007,0.66,unobstructed,59.98,1.9013
3,0,PrivateCar,152,133,0.0125,0.23,unobstructed,59.63,1.9238
3,0,Jeep,23,22,0.0007,1.35,unobstructed,59.98,1.9013
3,0,Truck,17,17,0.0,0.96,unobstructed,60.0,1.9
3,0,Micro,34,29,0.0033,1.18,unobstructed,59.9,1.9063
3,1,Bus,29,29,0.0,1.29,unobstructed,60.0,1.9
3,1,Autorickshaw,79,67,0.0079,0.82,unobstructed,59.76,1.915
3,1,Van,16,16,0.0,0.49,unobstructed,60.0,1.9
3,1,PrivateCar,125,125,0.0,0.26,unobstructed,60.0,1.9
3,1,Jeep,27,24,0.002,1.18,unobstructed,59.94,1.9038
3,1,Truck,14,14,0.0,0.27,unobstructed,60.0,1.9
3,1,Micro,30,27,0.002,1.03,unobstructed,59.94,1.9038
3,2,Bus,18,16,0.0013,1.78,unobstructed,59.96,1.9025
3,2,Autorickshaw,47,44,0.002,0.29,unobstructed,59.94,1.9038
3,2,Van,14,13,0.0007,0.33,unobstructed,59.98,1.9013
3,2,PrivateCar,102,102,0.0,1.84,unobstructed,60.0,1.9
3,2,Jeep,17,17,0.0,1.03,unobstructed,60.0,1.9
3,2,Truck,10,8,0.0013,0.81,unobstructed,59.96,1.9025
3,2,Micro,20,19,0.0007,1.94,unobstructed,59.98,1.9013
3,3,Bus,34,34,0.0,1.28,unobstructed,60.0,1.9
3,3,Autorickshaw,84,82,0.0013,1.76,unobstructed,59.96,1.9025
3,3,Van,24,24,0.0,1.46,unobstructed,60.0,1.9
3,3,PrivateCar,149,140,0.0059,1.64,unobstructed,59.82,1.9112
3,3,Jeep,30,30,0.0,1.89,unobstructed,60.0,1.9
3,3,Truck,17,15,0.0013,0.43,unobstructed,59.96,1.9025
3,3,Micro,41,38,0.002,1.21,unobstructed,59.94,1.9038
3,4,Bus,35,35,0.0,0.94,unobstructed,60.0,1.9
3,4,Autorickshaw,89,84,0.0033,0.96,unobstructed,59.9,1.9063
3,4,Van,18,18,0.0,0.44,unobstructed,60.0,1.9
3,4,PrivateCar,126,126,0.0,0.82,unobstructed,60.0,1.9
3,4,Jeep,23,23,0.0,0.29,unobstructed,60.0,1.9
3,4,Truck,14,14,0.0,1.17,unobstructed,60.0,1.9
3,4,Micro,32,32,0.0,1.53,unobstructed,60.0,1.9
3,5,Bus,34,34,0.0,1.25,unobstructed,60.0,1.9
3,5,Autorickshaw,104,90,0.0092,1.02,unobstructed,59.73,1.9175
3,5,Van,26,26,0.0,0.34,unobstructed,60.0,1.9
3,5,PrivateCar,164,146,0.0118,1.37,unobstructed,59.65,1.9224
3,5,Jeep,28,25,0.002,1.84,unobstructed,59.94,1.9038
3,5,Truck,16,15,0.0007,1.19,unobstructed,59.98,1.9013
3,5,Micro,44,43,0.0007,0.14,unobstructed,59.98,1.9013
3,6,Bus,30,30,0.0,0.76,unobstructed,60.0,1.9
3,6,Autorickshaw,84,84,0.0,0.26,unobstructed,60.0,1.9
3,6,Van,17,14,0.002,0.03,unobstructed,59.94,1.9038
3,6,PrivateCar,142,142,0.0,1.05,unobstructed,60.0,1.9
3,6,Jeep,26,26,0.0,1.82,unobstructed,60.0,1.9
3,6,Truck,17,15,0.0013,1.37,unobstructed,59.96,1.9025
3,6,Micro,32,32,0.0,1.65,unobstructed,60.0,1.9
3,7,Bus,20,20,0.0,1.21,unobstructed,60.0,1.9
3,7,Autorickshaw,48,48,0.0,0.35,unobstructed,60.0,1.9
3,7,Van,13,12,0.0007,1.8,unobstructed,59.98,1.9013
3,7,PrivateCar,85,74,0.0072,1.2,unobstructed,59.78,1.9137
3,7,Jeep,12,10,0.0013,1.76,unobstructed,59.96,1.9025
3,7,Truck,10,10,0.0,1.06,unobstructed,60.0,1.9
3,7,Micro,24,21,0.002,1.5,unobstructed,59.94,1.9038
3,8,Bus,23,23,0.0,0.19,unobstructed,60.0,1.9
3,8,Autorickshaw,62,55,0.0046,1.32,unobstructed,59.86,1.9087
3,8,Van,17,16,0.0007,1.8,unobstructed,59.98,1.9013
3,8,PrivateCar,89,89,0.0,1.08,unobstructed,60.0,1.9
3,8,Jeep,16,16,0.0,0.0,unobstructed,60.0,1.9
3,8,Truck,13,12,0.0007,1.88,unobstructed,59.98,1.9013
3,8,Micro,27,27,0.0,1.36,unobstructed,60.0,1.9
3,9,Bus,26,22,0.0026,0.86,unobstructed,59.92,1.9049
3,9,Autorickshaw,73,71,0.0013,0.84,unobstructed,59.96,1.9025
3,9,Van,13,11,0.0013,1.75,unobstructed,59.96,1.9025
3,9,PrivateCar,121,103,0.0118,1.4,unobstructed,59.65,1.9224
3,9,Jeep,21,18,0.002,0.86,unobstructed,59.94,1.9038
3,9,Truck,15,15,0.0,1.88,unobstructed,60.0,1.9
3,9,Micro,36,36,0.0,0.96,unobstructed,60.0,1.9
3,10,Bus,26,25,0.0007,1.54,unobstructed,59.98,1.9013
3,10,Autorickshaw,68,68,0.0,0.7,unobstructed,60.0,1.9
3,10,Van,18,16,0.0013,1.61,unobstructed,59.96,1.9025
3,10,PrivateCar,122,118,0.0026,1.82,unobstructed,59.92,1.9049
3,10,Jeep,25,25,0.0,1.67,unobstructed,60.0,1.9
3,10,Truck,14,13,0.0007,1.15,unobstructed,59.98,1.9013
3,10,Micro,27,24,0.002,0.85,unobstructed,59.94,1.9038
3,11,Bus,23,23,0.0,0.51,unobstructed,60.0,1.9
3,11,Autorickshaw,54,54,0.0,1.53,unobstructed,60.0,1.9
3,11,Van,13,12,0.0007,1.82,unobstructed,59.98,1.9013
3,11,PrivateCar,77,68,0.0059,0.17,unobstructed,59.82,1.9112
3,11,Jeep,18,17,0.0007,1.2,unobstructed,59.98,1.9013
3,11,Truck,13,12,0.0007,1.09,unobstructed,59.98,1.9013
3,11,Micro,25,24,0.0007,0.52,unobstructed,59.98,1.9013
3,12,Bus,16,15,0.0007,0.01,unobstructed,59.98,1.9013
3,12,Autorickshaw,37,37,0.0,1.49,unobstructed,60.0,1.9
3,12,Van,12,12,0.0,0.01,unobstructed,60.0,1.9
3,12,PrivateCar,73,73,0.0,1.05,unobstructed,60.0,1.9
3,12,Jeep,13,11,0.0013,1.04,unobstructed,59.96,1.9025
3,12,Truck,7,6,0.0007,0.75,unobstructed,59.98,1.9013
3,12,Micro,18,17,0.0007,0.41,unobstructed,59.98,1.9013
3,13,Bus,30,29,0.0007,1.61,unobstructed,59.98,1.9013
3,13,Autorickshaw,71,71,0.0,0.82,unobstructed,60.0,1.9
3,13,Van,20,20,0.0,0.21,unobstructed,60.0,1.9
3,13,PrivateCar,104,93,0.0072,0.85,unobstructed,59.78,1.9137
3,13,Jeep,21,19,0.0013,1.17,unobstructed,59.96,1.9025
3,13,Truck,17,17,0.0,0.52,unobstructed,60.0,1.9
3,13,Micro,41,41,0.0,1.07,unobstructed,60.0,1.9
3,14,Bus,119,114,0.0033,1.13,unobstructed,59.9,1.9063
3,14,Autorickshaw,335,335,0.0,1.22,unobstructed,60.0,1.9
3,14,Van,78,77,0.0007,1.98,unobstructed,59.98,1.9013
3,14,PrivateCar,591,581,0.0066,0.79,unobstructed,59.8,1.9125
3,14,Jeep,94,94,0.0,0.41,unobstructed,60.0,1.9
3,14,Truck,76,69,0.0046,1.1,unobstructed,59.86,1.9087
3,14,Micro,133,122,0.0072,1.12,unobstructed,59.78,1.9137
3,15,Bus,135,135,0.0,0.36,unobstructed,60.0,1.9
3,15,Autorickshaw,323,322,0.0007,1.12,unobstructed,59.98,1.9013
3,15,Van,73,73,0.0,0.97,unobstructed,60.0,1.9
3,15,PrivateCar,441,441,0.0,1.98,unobstructed,60.0,1.9
3,15,Jeep,116,116,0.0,1.16,unobstructed,60.0,1.9
3,15,Truck,67,67,0.0,1.55,unobstructed,60.0,1.9
3,15,Micro,142,130,0.0079,0.8,unobstructed,59.76,1.915
3,16,Bus,144,144,0.0,0.28,unobstructed,60.0,1.9
3,16,Autorickshaw,284,284,0.0,1.73,unobstructed,60.0,1.9
3,16,Van,64,59,0.0033,0.24,unobstructed,59.9,1.9063
3,16,PrivateCar,603,528,0.0493,0.46,unobstructed,58.56,1.9937
3,16,Jeep,120,106,0.0092,1.57,unobstructed,59.73,1.9175
3,16,Truck,74,67,0.0046,1.9,unobstructed,59.86,1.9087
3,16,Micro,173,173,0.0,0.2,unobstructed,60.0,1.9
3,17,Bus,171,167,0.0026,1.02,unobstructed,59.92,1.9049
3,17,Autorickshaw,413,413,0.0,1.57,unobstructed,60.0,1.9
3,17,Van,111,111,0.0,1.6,unobstructed,60.0,1.9
3,17,PrivateCar,676,676,0.0,1.23,unobstructed,60.0,1.9
3,17,Jeep,136,122,0.0092,1.37,unobstructed,59.73,1.9175
3,17,Truck,98,91,0.0046,0.1,unobstructed,59.86,1.9087
3,17,Micro,203,203,0.0,0.78,unobstructed,60.0,1.9
3,18,Bus,160,160,0.0,1.27,unobstructed,60.0,1.9
3,18,Autorickshaw,284,284,0.0,1.61,unobstructed,60.0,1.9
3,18,Van,80,69,0.0072,1.65,unobstructed,59.78,1.9137
3,18,PrivateCar,504,504,0.0,0.94,unobstructed,60.0,1.9
3,18,Jeep,119,105,0.0092,1.2,unobstructed,59.73,1.9175
3,18,Truck,59,55,0.0026,0.18,unobstructed,59.92,1.9049
3,18,Micro,149,149,0.0,0.53,unobstructed,60.0,1.9
3,19,Bus,110,110,0.0,0.74,unobstructed,60.0,1.9
3,19,Autorickshaw,326,313,0.0086,1.22,unobstructed,59.74,1.9163
3,19,Van,64,64,0.0,1.45,unobstructed,60.0,1.9
3,19,PrivateCar,573,556,0.0112,1.86,unobstructed,59.67,1.9213
3,19,Jeep,113,113,0.0,0.8,unobstructed,60.0,1.9
3,19,Truck,74,72,0.0013,1.31,unobstructed,59.96,1.9025
3,19,Micro,154,154,0.0,0.57,unobstructed,60.0,1.9
3,20,Bus,188,165,0.0151,1.93,unobstructed,59.55,1.9287
3,20,Autorickshaw,471,471,0.0,0.11,unobstructed,60.0,1.9
3,20,Van,106,106,0.0,1.55,unobstructed,60.0,1.9
3,20,PrivateCar,738,715,0.0151,0.35,unobstructed,59.55,1.9287
3,20,Jeep,156,156,0.0,0.99,unobstructed,60.0,1.9
3,20,Truck,82,77,0.0033,0.02,unobstructed,59.9,1.9063
3,20,Micro,181,181,0.0,1.7,unobstructed,60.0,1.9
3,21,Bus,125,125,0.0,1.86,unobstructed,60.0,1.9
3,21,Autorickshaw,305,305,0.0,1.04,unobstructed,60.0,1.9
3,21,Van,53,53,0.0,0.39,unobstructed,60.0,1.9
3,21,PrivateCar,498,425,0.048,1.57,unobstructed,58.59,1.9912
3,21,Jeep,102,91,0.0072,1.02,unobstructed,59.78,1.9137
3,21,Truck,53,53,0.0,1.4,unobstructed,60.0,1.9
3,21,Micro,127,127,0.0,1.23,unobstructed,60.0,1.9
3,22,Bus,100,94,0.0039,1.35,unobstructed,59.88,1.9074
3,22,Autorickshaw,240,240,0.0,0.72,unobstructed,60.0,1.9
3,22,Van,43,41,0.0013,1.31,unobstructed,59.96,1.9025
3,22,PrivateCar,290,290,0.0,1.95,unobstructed,60.0,1.9
3,22,Jeep,73,63,0.0066,0.17,unobstructed,59.8,1.9125
3,22,Truck,45,45,0.0,0.55,unobstructed,60.0,1.9
3,22,Micro,115,112,0.002,0.8,unobstructed,59.94,1.9038
3,23,Bus,52,47,0.0033,1.34,unobstructed,59.9,1.9063
3,23,Autorickshaw,125,125,0.0,0.81,unobstructed,60.0,1.9
3,23,Van,37,36,0.0007,0.4,unobstructed,59.98,1.9013
3,23,PrivateCar,201,191,0.0066,0.03,unobstructed,59.8,1.9125
3,23,Jeep,42,42,0.0,1.41,unobstructed,60.0,1.9
3,23,Truck,33,32,0.0007,1.84,unobstructed,59.98,1.9013
3,23,Micro,67,58,0.0059,1.1,unobstructed,59.82,1.9112
3,24,Bus,70,67,0.002,1.45,unobstructed,59.94,1.9038
3,24,Autorickshaw,185,178,0.0046,1.12,unobstructed,59.86,1.9087
3,24,Van,56,56,0.0,1.17,unobstructed,60.0,1.9
3,24,PrivateCar,355,355,0.0,0.69,unobstructed,60.0,1.9
3,24,Jeep,55,55,0.0,1.63,unobstructed,60.0,1.9
3,24,Truck,43,38,0.0033,0.45,unobstructed,59.9,1.9063
3,24,Micro,95,86,0.0059,1.93,unobstructed,59.82,1.9112
3,25,Bus,96,96,0.0,0.91,unobstructed,60.0,1.9
3,25,Autorickshaw,193,176,0.0112,0.81,unobstructed,59.67,1.9213
3,25,Van,57,50,0.0046,0.01,unobstructed,59.86,1.9087
3,25,PrivateCar,280,280,0.0,0.35,unobstructed,60.0,1.9
3,25,Jeep,62,60,0.0013,1.01,unobstructed,59.96,1.9025
3,25,Truck,46,42,0.0026,1.12,unobstructed,59.92,1.9049
3,25,Micro,104,96,0.0053,1.01,unobstructed,59.84,1.9101
3,26,Bus,84,78,0.0039,0.68,unobstructed,59.88,1.9074
3,26,Autorickshaw,220,188,0.0211,0.23,unobstructed,59.37,1.9401
3,26,Van,53,53,0.0,1.03,unobstructed,60.0,1.9
3,26,PrivateCar,275,275,0.0,0.52,unobstructed,60.0,1.9
3,26,Jeep,54,52,0.0013,1.08,unobstructed,59.96,1.9025
3,26,Truck,41,41,0.0,1.59,unobstructed,60.0,1.9
3,26,Micro,104,95,0.0059,0.5,unobstructed,59.82,1.9112
3,27,Bus,64,64,0.0,0.89,unobstructed,60.0,1.9
3,27,Autorickshaw,142,142,0.0,0.75,unobstructed,60.0,1.9
3,27,Van,34,32,0.0013,0.97,unobstructed,59.96,1.9025
3,27,PrivateCar,265,256,0.0059,0.49,unobstructed,59.82,1.9112
3,27,Jeep,65,63,0.0013,0.68,unobstructed,59.96,1.9025
3,27,Truck,36,32,0.0026,1.55,unobstructed,59.92,1.9049
3,27,Micro,84,84,0.0,1.36,unobstructed,60.0,1.9
3,28,Bus,64,54,0.0066,1.79,unobstructed,59.8,1.9125
3,28,Autorickshaw,132,132,0.0,1.72,unobstructed,60.0,1.9
3,28,Van,44,42,0.0013,0.96,unobstructed,59.96,1.9025
3,28,PrivateCar,227,227,0.0,0.52,unobstructed,60.0,1.9
3,28,Jeep,55,53,0.0013,0.77,unobstructed,59.96,1.9025
3,28,Truck,29,29,0.0,1.58,unobstructed,60.0,1.9
3,28,Micro,75,67,0.0053,0.44,unobstructed,59.84,1.9101
3,29,Bus,51,51,0.0,1.4,unobstructed,60.0,1.9
3,29,Autorickshaw,178,159,0.0125,1.6,unobstructed,59.63,1.9238
3,29,Van,34,34,0.0,0.82,unobstructed,60.0,1.9
3,29,PrivateCar,276,276,0.0,0.71,unobstructed,60.0,1.9
3,29,Jeep,52,49,0.002,1.07,unobstructed,59.94,1.9038
3,29,Truck,30,30,0.0,1.4,unobstructed,60.0,1.9
3,29,Micro,67,61,0.0039,0.53,unobstructed,59.88,1.9074
3,30,Bus,74,74,0.0,0.57,unobstructed,60.0,1.9
3,30,Autorickshaw,173,173,0.0,0.8,unobstructed,60.0,1.9
3,30,Van,55,49,0.0039,1.5,unobstructed,59.88,1.9074
3,30,PrivateCar,282,251,0.0204,0.68,unobstructed,59.39,1.9388
3,30,Jeep,56,55,0.0007,1.11,unobstructed,59.98,1.9013
3,30,Truck,41,41,0.0,0.36,unobstructed,60.0,1.9
3,30,Micro,118,109,0.0059,0.63,unobstructed,59.82,1.9112
3,31,Bus,78,78,0.0,0.44,unobstructed,60.0,1.9
3,31,Autorickshaw,186,164,0.0145,1.15,unobstructed,59.57,1.9276
3,31,Van,49,46,0.002,0.37,unobstructed,59.94,1.9038
3,31,PrivateCar,276,276,0.0,1.49,unobstructed,60.0,1.9
3,31,Jeep,51,51,0.0,1.86,unobstructed,60.0,1.9
3,31,Truck,37,36,0.0007,0.38,unobstructed,59.98,1.9013
3,31,Micro,85,73,0.0079,1.47,unobstructed,59.76,1.915
3,32,Bus,74,66,0.0053,0.47,unobstructed,59.84,1.9101
3,32,Autorickshaw,228,228,0.0,0.48,unobstructed,60.0,1.9
3,32,Van,55,48,0.0046,0.53,unobstructed,59.86,1.9087
3,32,PrivateCar,376,319,0.0375,0.46,unobstructed,58.9,1.9712
3,32,Jeep,78,66,0.0079,1.67,unobstructed,59.76,1.915
3,32,Truck,35,33,0.0013,1.67,unobstructed,59.96,1.9025
3,32,Micro,120,108,0.0079,0.71,unobstructed,59.76,1.915
3,33,Bus,72,72,0.0,1.56,unobstructed,60.0,1.9
3,33,Autorickshaw,231,231,0.0,0.24,unobstructed,60.0,1.9
3,33,Van,47,43,0.0026,0.16,unobstructed,59.92,1.9049
3,33,PrivateCar,414,391,0.0151,1.91,unobstructed,59.55,1.9287
3,33,Jeep,80,80,0.0,0.99,unobstructed,60.0,1.9
3,33,Truck,37,37,0.0,0.01,unobstructed,60.0,1.9
3,33,Micro,87,79,0.0053,1.71,unobstructed,59.84,1.9101
3,34,Bus,133,129,0.0026,1.92,unobstructed,59.92,1.9049
3,34,Autorickshaw,452,452,0.0,1.7,unobstructed,60.0,1.9
3,34,Van,108,101,0.0046,0.74,unobstructed,59.86,1.9087
3,34,PrivateCar,546,538,0.0053,0.63,unobstructed,59.84,1.9101
3,34,Jeep,124,116,0.0053,1.8,unobstructed,59.84,1.9101
3,34,Truck,91,91,0.0,1.76,unobstructed,60.0,1.9
3,34,Micro,176,169,0.0046,1.15,unobstructed,59.86,1.9087
3,35,Bus,237,237,0.0,0.55,unobstructed,60.0,1.9
3,35,Autorickshaw,519,519,0.0,0.37,unobstructed,60.0,1.9
3,35,Van,132,118,0.0092,1.53,unobstructed,59.73,1.9175
3,35,PrivateCar,928,795,0.0875,1.02,unobstructed,57.49,2.0662
3,35,Jeep,160,160,0.0,0.8,unobstructed,60.0,1.9
3,35,Truck,106,90,0.0105,1.5,unobstructed,59.69,1.92
3,35,Micro,221,221,0.0,0.26,unobstructed,60.0,1.9
3,36,Bus,167,157,0.0066,1.05,unobstructed,59.8,1.9125
3,36,Autorickshaw,324,324,0.0,0.85,unobstructed,60.0,1.9
3,36,Van,88,88,0.0,1.88,unobstructed,60.0,1.9
3,36,PrivateCar,728,649,0.052,0.07,unobstructed,58.48,1.9988
3,36,Jeep,111,95,0.0105,0.69,unobstructed,59.69,1.92
3,36,Truck,68,68,0.0,1.72,unobstructed,60.0,1.9
3,36,Micro,177,177,0.0,1.55,unobstructed,60.0,1.9
3,37,Bus,175,175,0.0,0.91,unobstructed,60.0,1.9
3,37,Autorickshaw,383,383,0.0,0.24,unobstructed,60.0,1.9
3,37,Van,91,91,0.0,1.04,unobstructed,60.0,1.9
3,37,PrivateCar,525,525,0.0,0.63,unobstructed,60.0,1.9
3,37,Jeep,108,101,0.0046,0.02,unobstructed,59.86,1.9087
3,37,Truck,90,90,0.0,1.35,unobstructed,60.0,1.9
3,37,Micro,183,183,0.0,0.76,unobstructed,60.0,1.9
3,38,Bus,146,134,0.0079,0.2,unobstructed,59.76,1.915
3,38,Autorickshaw,422,375,0.0309,0.72,unobstructed,59.09,1.9587
3,38,Van,99,87,0.0079,1.72,unobstructed,59.76,1.915
3,38,PrivateCar,503,495,0.0053,0.37,unobstructed,59.84,1.9101
3,38,Jeep,110,97,0.0086,0.53,unobstructed,59.74,1.9163
3,38,Truck,70,70,0.0,0.54,unobstructed,60.0,1.9
3,38,Micro,175,173,0.0013,1.92,unobstructed,59.96,1.9025
3,39,Bus,157,157,0.0,0.69,unobstructed,60.0,1.9
3,39,Autorickshaw,417,417,0.0,0.37,unobstructed,60.0,1.9
3,39,Van,118,107,0.0072,0.85,unobstructed,59.78,1.9137
3,39,PrivateCar,863,771,0.0605,0.84,unobstructed,58.24,2.0149
3,39,Jeep,163,163,0.0,1.5,unobstructed,60.0,1.9
3,39,Truck,90,77,0.0086,0.73,unobstructed,59.74,1.9163
3,39,Micro,208,208,0.0,0.8,unobstructed,60.0,1.9
3,40,Bus,163,163,0.0,0.9,unobstructed,60.0,1.9
3,40,Autorickshaw,338,338,0.0,1.14,unobstructed,60.0,1.9
3,40,Van,69,60,0.0059,1.96,unobstructed,59.82,1.9112
3,40,PrivateCar,617,546,0.0467,1.37,unobstructed,58.63,1.9887
3,40,Jeep,91,91,0.0,1.63,unobstructed,60.0,1.9
3,40,Truck,61,55,0.0039,1.44,unobstructed,59.88,1.9074
3,40,Micro,159,159,0.0,1.61,unobstructed,60.0,1.9
3,41,Bus,162,162,0.0,1.11,unobstructed,60.0,1.9
3,41,Autorickshaw,547,477,0.0461,1.71,unobstructed,58.65,1.9876
3,41,Van,140,127,0.0086,0.39,unobstructed,59.74,1.9163
3,41,PrivateCar,826,826,0.0,1.6,unobstructed,60.0,1.9
3,41,Jeep,130,130,0.0,1.48,unobstructed,60.0,1.9
3,41,Truck,109,96,0.0086,0.95,unobstructed,59.74,1.9163
3,41,Micro,275,237,0.025,0.02,unobstructed,59.26,1.9475
3,42,Bus,189,189,0.0,0.84,unobstructed,60.0,1.9
3,42,Autorickshaw,465,448,0.0112,0.27,unobstructed,59.67,1.9213
3,42,Van,113,108,0.0033,1.79,unobstructed,59.9,1.9063
3,42,PrivateCar,904,842,0.0408,1.26,unobstructed,58.8,1.9775
3,42,Jeep,152,135,0.0112,1.07,unobstructed,59.67,1.9213
3,42,Truck,101,101,0.0,0.63,unobstructed,60.0,1.9
3,42,Micro,246,245,0.0007,0.97,unobstructed,59.98,1.9013
3,43,Bus,189,165,0.0158,0.5,unobstructed,59.53,1.93
3,43,Autorickshaw,437,426,0.0072,1.72,unobstructed,59.78,1.9137
3,43,Van,121,121,0.0,0.1,unobstructed,60.0,1.9
3,43,PrivateCar,688,688,0.0,0.2,unobstructed,60.0,1.9
3,43,Jeep,155,132,0.0151,0.33,unobstructed,59.55,1.9287
3,43,Truck,91,91,0.0,0.43,unobstructed,60.0,1.9
3,43,Micro,227,227,0.0,0.51,unobstructed,60.0,1.9
3,44,Bus,24,22,0.0013,1.68,unobstructed,59.96,1.9025
3,44,Autorickshaw,51,43,0.0053,0.19,unobstructed,59.84,1.9101
3,44,Van,14,12,0.0013,1.49,unobstructed,59.96,1.9025
3,44,PrivateCar,106,99,0.0046,0.52,unobstructed,59.86,1.9087
3,44,Jeep,21,20,0.0007,0.72,unobstructed,59.98,1.9013
3,44,Truck,11,11,0.0,1.11,unobstructed,60.0,1.9
3,44,Micro,25,22,0.002,1.62,unobstructed,59.94,1.9038
3,45,Bus,19,19,0.0,0.69,unobstructed,60.0,1.9
3,45,Autorickshaw,56,56,0.0,0.82,unobstructed,60.0,1.9
3,45,Van,14,14,0.0,0.7,unobstructed,60.0,1.9
3,45,PrivateCar,87,87,0.0,1.36,unobstructed,60.0,1.9
3,45,Jeep,16,16,0.0,1.21,unobstructed,60.0,1.9
3,45,Truck,12,10,0.0013,1.15,unobstructed,59.96,1.9025
3,45,Micro,22,20,0.0013,1.3,unobstructed,59.96,1.9025
3,46,Bus,31,31,0.0,1.08,unobstructed,60.0,1.9
3,46,Autorickshaw,86,82,0.0026,1.96,unobstructed,59.92,1.9049
3,46,Van,20,17,0.002,0.57,unobstructed,59.94,1.9038
3,46,PrivateCar,157,157,0.0,0.65,unobstructed,60.0,1.9
3,46,Jeep,30,30,0.0,1.02,unobstructed,60.0,1.9
3,46,Truck,17,15,0.0013,1.55,unobstructed,59.96,1.9025
3,46,Micro,32,27,0.0033,0.89,unobstructed,59.9,1.9063
3,47,Bus,24,23,0.0007,0.16,unobstructed,59.98,1.9013
3,47,Autorickshaw,67,67,0.0,1.23,unobstructed,60.0,1.9
3,47,Van,20,19,0.0007,0.93,unobstructed,59.98,1.9013
3,47,PrivateCar,104,104,0.0,1.91,unobstructed,60.0,1.9
3,47,Jeep,27,23,0.0026,1.74,unobstructed,59.92,1.9049
3,47,Truck,12,12,0.0,1.28,unobstructed,60.0,1.9
3,47,Micro,30,26,0.0026,1.86,unobstructed,59.92,1.9049
