road_id,hour,day_type,avg_congestion,std_congestion,traffic_multiplier
0,0,weekday,1.6167,0.8572,2.62
0,0,weekend,2,0,3
0,1,weekday,1.6267,0.8348,2.63
0,1,weekend,2,0,3
0,2,weekday,1.6192,0.8516,2.62
0,2,weekend,2,0,3
0,3,weekday,1.6212,0.8469,2.62
0,3,weekend,2,0,3
0,4,weekday,1.6273,0.8334,2.63
0,4,weekend,2,0,3
0,5,weekday,1.6344,0.8176,2.63
0,5,weekend,2,0,3
0,6,weekday,1.6173,0.8557,2.62
0,6,weekend,2,0,3
0,7,weekday,1.7148,0.6377,2.71
0,7,weekend,2,0,3
0,8,weekday,1.6788,0.7183,2.68
0,8,weekend,2,0,3
0,9,weekday,1.6912,0.6904,2.69
0,9,weekend,2,0,3
0,10,weekday,1.7758,0.5012,2.78
0,10,weekend,2,0,3
0,11,weekday,1.7919,0.4654,2.79
0,11,weekend,2,0,3
0,12,weekday,1.785,0.4808,2.78
0,12,weekend,2,0,3
0,13,weekday,1.865,0.3019,2.86
0,13,weekend,2,0,3
0,14,weekday,1.9108,0.1994,2.91
0,14,weekend,2,0,3
0,15,weekday,1.9617,0.0857,2.96
0,15,weekend,2,0,3
0,16,weekday,1.9992,0.0019,3
0,16,weekend,2,0,3
0,17,weekday,2,0,3
0,17,weekend,2,0,3
0,18,weekday,2,0,3
0,18,weekend,2,0,3
0,19,weekday,2,0,3
0,19,weekend,2,0,3
0,20,weekday,2,0,3
0,20,weekend,2,0,3
0,21,weekday,2,0,3
0,21,weekend,2,0,3
0,22,weekday,2,0,3
0,22,weekend,2,0,3
0,23,weekday,2,0,3
0,23,weekend,2,0,3
1,0,weekday,1.6,0.8944,2.6
1,0,weekend,2,0,3
1,1,weekday,1.6031,0.8875,2.6
1,1,weekend,2,0,3
1,2,weekday,1.6022,0.8896,2.6
1,2,weekend,2,0,3
1,3,weekday,1.6,0.8944,2.6
1,3,weekend,2,0,3
1,4,weekday,1.6091,0.8742,2.61
1,4,weekend,2,0,3
1,5,weekday,1.6088,0.8748,2.61
1,5,weekend,2,0,3
1,6,weekday,1.6459,0.7917,2.65
1,6,weekend,2,0,3
1,7,weekday,1.6859,0.7023,2.69
1,7,weekend,2,0,3
1,8,weekday,1.7616,0.5332,2.76
1,8,weekend,2,0,3
1,9,weekday,1.8125,0.4193,2.81
1,9,weekend,2,0,3
1,10,weekday,1.8275,0.3857,2.83
1,10,weekend,2,0,3
1,11,weekday,1.8838,0.2599,2.88
1,11,weekend,2,0,3
1,12,weekday,1.9459,0.1209,2.95
1,12,weekend,2,0,3
1,13,weekday,1.9972,0.0063,3
1,13,weekend,2,0,3
1,14,weekday,2,0,3
1,14,weekend,2,0,3
1,15,weekday,2,0,3
1,15,weekend,2,0,3
1,16,weekday,2,0,3
1,16,weekend,2,0,3
1,17,weekday,2,0,3
1,17,weekend,2,0,3
1,18,weekday,2,0,3
1,18,weekend,2,0,3
1,19,weekday,2,0,3
1,19,weekend,2,0,3
1,20,weekday,2,0,3
1,20,weekend,2,0,3
1,21,weekday,2,0,3
1,21,weekend,2,0,3
1,22,weekday,2,0,3
1,22,weekend,2,0,3
1,23,weekday,2,0,3
1,23,weekend,2,0,3
2,0,weekday,1.6152,0.8603,2.62
2,0,weekend,2,0,3
2,1,weekday,1.6195,0.8508,2.62
2,1,weekend,2,0,3
2,2,weekday,1.6152,0.8603,2.62
2,2,weekend,2,0,3
2,3,weekday,1.6148,0.8614,2.61
2,3,weekend,2,0,3
2,4,weekday,1.626,0.8363,2.63
2,4,weekend,2,0,3
2,5,weekday,1.634,0.8184,2.63
2,5,weekend,2,0,3
2,6,weekday,1.6892,0.6949,2.69
2,6,weekend,2,0,3
2,7,weekday,1.664,0.7513,2.66
2,7,weekend,2,0,3
2,8,weekday,1.6732,0.7307,2.67
2,8,weekend,2,0,3
2,9,weekday,1.8088,0.4276,2.81
2,9,weekend,2,0,3
2,10,weekday,1.8135,0.417,2.81
2,10,weekend,2,0,3
2,11,weekday,1.806,0.4338,2.81
2,11,weekend,2,0,3
2,12,weekday,1.8405,0.3567,2.84
2,12,weekend,2,0,3
2,13,weekday,1.846,0.3444,2.85
2,13,weekend,2,0,3
2,14,weekday,1.8675,0.2963,2.87
2,14,weekend,2,0,3
2,15,weekday,1.9158,0.1884,2.92
2,15,weekend,2,0,3
2,16,weekday,1.9112,0.1985,2.91
2,16,weekend,2,0,3
2,17,weekday,1.97,0.0671,2.97
2,17,weekend,2,0,3
2,18,weekday,1.9205,0.1778,2.92
2,18,weekend,2,0,3
2,19,weekday,1.947,0.1185,2.95
2,19,weekend,2,0,3
2,20,weekday,2,0,3
2,20,weekend,2,0,3
2,21,weekday,2,0,3
2,21,weekend,2,0,3
2,22,weekday,2,0,3
2,22,weekend,2,0,3
2,23,weekday,2,0,3
2,23,weekend,2,0,3
3,0,weekday,1.6268,0.8345,2.63
3,0,weekend,2,0,3
3,1,weekday,1.6411,0.8026,2.64
3,1,weekend,2,0,3
3,2,weekday,1.6411,0.8026,2.64
3,2,weekend,2,0,3
3,3,weekday,1.6386,0.8082,2.64
3,3,weekend,2,0,3
3,4,weekday,1.6443,0.7954,2.64
3,4,weekend,2,0,3
3,5,weekday,1.6579,0.765,2.66
3,5,weekend,2,0,3
3,6,weekday,1.7339,0.595,2.73
3,6,weekend,2,0,3
3,7,weekday,1.8014,0.444,2.8
3,7,weekend,2,0,3
3,8,weekday,1.8221,0.3977,2.82
3,8,weekend,2,0,3
3,9,weekday,2,0,3
3,9,weekend,2,0,3
3,10,weekday,2,0,3
3,10,weekend,2,0,3
3,11,weekday,2,0,3
3,11,weekend,2,0,3
3,12,weekday,2,0,3
3,12,weekend,2,0,3
3,13,weekday,2,0,3
3,13,weekend,2,0,3
3,14,weekday,2,0,3
3,14,weekend,2,0,3
3,15,weekday,2,0,3
3,15,weekend,2,0,3
3,16,weekday,2,0,3
3,16,weekend,2,0,3
3,17,weekday,2,0,3
3,17,weekend,2,0,3
3,18,weekday,2,0,3
3,18,weekend,2,0,3
3,19,weekday,2,0,3
3,19,weekend,2,0,3
3,20,weekday,2,0,3
3,20,weekend,2,0,3
3,21,weekday,2,0,3
3,21,weekend,2,0,3
3,22,weekday,2,0,3
3,22,weekend,2,0,3
3,23,weekday,2,0,3
3,23,weekend,2,0,3
4,0,weekday,1.6,0.8944,2.6
4,0,weekend,2,0,3
4,1,weekday,1.6062,0.8807,2.61
4,1,weekend,2,0,3
4,2,weekday,1.6127,0.8661,2.61
4,2,weekend,2,0,3
4,3,weekday,1.6112,0.8695,2.61
4,3,weekend,2,0,3
4,4,weekday,1.6138,0.8635,2.61
4,4,weekend,2,0,3
4,5,weekday,1.6172,0.8561,2.62
4,5,weekend,2,0,3
4,6,weekday,1.6047,0.884,2.6
4,6,weekend,2,0,3
4,7,weekday,1.6,0.8944,2.6
4,7,weekend,2,0,3
4,8,weekday,1.6,0.8944,2.6
4,8,weekend,2,0,3
4,9,weekday,1.6252,0.8382,2.63
4,9,weekend,2,0,3
4,10,weekday,1.6738,0.7293,2.67
4,10,weekend,2,0,3
4,11,weekday,1.696,0.6798,2.7
4,11,weekend,2,0,3
4,12,weekday,1.6983,0.6745,2.7
4,12,weekend,2,0,3
4,13,weekday,1.7713,0.5113,2.77
4,13,weekend,2,0,3
4,14,weekday,1.7875,0.4752,2.79
4,14,weekend,2,0,3
4,15,weekday,1.8437,0.3496,2.84
4,15,weekend,2,0,3
4,16,weekday,1.888,0.2504,2.89
4,16,weekend,2,0,3
4,17,weekday,1.9053,0.2117,2.91
4,17,weekend,2,0,3
4,18,weekday,2,0,3
4,18,weekend,2,0,3
4,19,weekday,2,0,3
4,19,weekend,2,0,3
4,20,weekday,2,0,3
4,20,weekend,2,0,3
4,21,weekday,2,0,3
4,21,weekend,2,0,3
4,22,weekday,2,0,3
4,22,weekend,2,0,3
4,23,weekday,2,0,3
4,23,weekend,2,0,3
5,0,weekday,1.5902,0.8892,2.59
5,0,weekend,2,0,3
5,1,weekday,1.5917,0.8899,2.59
5,1,weekend,2,0,3
5,2,weekday,1.5889,0.8885,2.59
5,2,weekend,2,0,3
5,3,weekday,1.5989,0.8871,2.6
5,3,weekend,2,0,3
5,4,weekday,1.5987,0.888,2.6
5,4,weekend,2,0,3
5,5,weekday,1.61,0.8721,2.61
5,5,weekend,2,0,3
5,6,weekday,1.6559,0.7694,2.66
5,6,weekend,2,0,3
5,7,weekday,1.6717,0.7342,2.67
5,7,weekend,2,0,3
5,8,weekday,1.6567,0.7677,2.66
5,8,weekend,2,0,3
5,9,weekday,1.6561,0.7689,2.66
5,9,weekend,2,0,3
5,10,weekday,1.6533,0.7731,2.65
5,10,weekend,2,0,3
5,11,weekday,1.6948,0.6824,2.69
5,11,weekend,2,0,3
5,12,weekday,1.7117,0.6222,2.71
5,12,weekend,2,0,3
5,13,weekday,1.7491,0.5611,2.75
5,13,weekend,2,0,3
5,14,weekday,1.7881,0.4737,2.79
5,14,weekend,2,0,3
5,15,weekday,1.823,0.3959,2.82
5,15,weekend,2,0,3
5,16,weekday,1.8381,0.3619,2.84
5,16,weekend,2,0,3
5,17,weekday,1.9033,0.2161,2.9
5,17,weekend,2,0,3
5,18,weekday,1.8898,0.2464,2.89
5,18,weekend,2,0,3
5,19,weekday,1.9337,0.1483,2.93
5,19,weekend,2,0,3
5,20,weekday,1.9483,0.1155,2.95
5,20,weekend,2,0,3
5,21,weekday,1.9826,0.0389,2.98
5,21,weekend,2,0,3
5,22,weekday,1.988,0.0269,2.99
5,22,weekend,2,0,3
5,23,weekday,1.9887,0.0253,2.99
5,23,weekend,2,0,3
6,0,weekday,1.6203,0.8489,2.62
6,0,weekend,2,0,3
6,1,weekday,1.626,0.8363,2.63
6,1,weekend,2,0,3
6,2,weekday,1.622,0.8452,2.62
6,2,weekend,2,0,3
6,3,weekday,1.629,0.8296,2.63
6,3,weekend,2,0,3
6,4,weekday,1.6253,0.8378,2.63
6,4,weekend,2,0,3
6,5,weekday,1.6323,0.8221,2.63
6,5,weekend,2,0,3
6,6,weekday,1.6397,0.8057,2.64
6,6,weekend,2,0,3
6,7,weekday,1.8023,0.442,2.8
6,7,weekend,2,0,3
6,8,weekday,1.908,0.2057,2.91
6,8,weekend,2,0,3
6,9,weekday,1.8987,0.2266,2.9
6,9,weekend,2,0,3
6,10,weekday,1.9833,0.0373,2.98
6,10,weekend,2,0,3
6,11,weekday,2,0,3
6,11,weekend,2,0,3
6,12,weekday,2,0,3
6,12,weekend,2,0,3
6,13,weekday,2,0,3
6,13,weekend,2,0,3
6,14,weekday,2,0,3
6,14,weekend,2,0,3
6,15,weekday,2,0,3
6,15,weekend,2,0,3
6,16,weekday,2,0,3
6,16,weekend,2,0,3
6,17,weekday,2,0,3
6,17,weekend,2,0,3
6,18,weekday,2,0,3
6,18,weekend,2,0,3
6,19,weekday,2,0,3
6,19,weekend,2,0,3
6,20,weekday,2,0,3
6,20,weekend,2,0,3
6,21,weekday,2,0,3
6,21,weekend,2,0,3
6,22,weekday,2,0,3
6,22,weekend,2,0,3
6,23,weekday,2,0,3
6,23,weekend,2,0,3
7,0,weekday,1.6125,0.8665,2.61
7,0,weekend,2,0,3
7,1,weekday,1.6217,0.846,2.62
7,1,weekend,2,0,3
7,2,weekday,1.6167,0.8572,2.62
7,2,weekend,2,0,3
7,3,weekday,1.625,0.8385,2.62
7,3,weekend,2,0,3
7,4,weekday,1.6333,0.8199,2.63
7,4,weekend,2,0,3
7,5,weekday,1.6478,0.7876,2.65
7,5,weekend,2,0,3
7,6,weekday,1.7069,0.6553,2.71
7,6,weekend,2,0,3
7,7,weekday,1.8264,0.3882,2.83
7,7,weekend,2,0,3
7,8,weekday,1.8411,0.3553,2.84
7,8,weekend,2,0,3
7,9,weekday,1.8931,0.2391,2.89
7,9,weekend,2,0,3
7,10,weekday,1.8911,0.2435,2.89
7,10,weekend,2,0,3
7,11,weekday,1.8931,0.2391,2.89
7,11,weekend,2,0,3
7,12,weekday,1.9053,0.2118,2.91
7,12,weekend,2,0,3
7,13,weekday,1.9356,0.1441,2.94
7,13,weekend,2,0,3
7,14,weekday,1.9242,0.1696,2.92
7,14,weekend,2,0,3
7,15,weekday,1.9783,0.0484,2.98
7,15,weekend,2,0,3
7,16,weekday,2,0,3
7,16,weekend,2,0,3
7,17,weekday,2,0,3
7,17,weekend,2,0,3
7,18,weekday,2,0,3
7,18,weekend,2,0,3
7,19,weekday,2,0,3
7,19,weekend,2,0,3
7,20,weekday,2,0,3
7,20,weekend,2,0,3
7,21,weekday,2,0,3
7,21,weekend,2,0,3
7,22,weekday,2,0,3
7,22,weekend,2,0,3
7,23,weekday,2,0,3
7,23,weekend,2,0,3
8,0,weekday,1.5447,0.8543,2.54
8,0,weekend,2,0,3
8,1,weekday,1.5608,0.8422,2.56
8,1,weekend,2,0,3
8,2,weekday,1.5698,0.8392,2.57
8,2,weekend,2,0,3
8,3,weekday,1.5787,0.8314,2.58
8,3,weekend,2,0,3
8,4,weekday,1.5943,0.8098,2.59
8,4,weekend,2,0,3
8,5,weekday,1.5932,0.8043,2.59
8,5,weekend,2,0,3
8,6,weekday,1.6128,0.7863,2.61
8,6,weekend,2,0,3
8,7,weekday,1.6545,0.6508,2.65
8,7,weekend,2,0,3
8,8,weekday,1.6413,0.7078,2.64
8,8,weekend,2,0,3
8,9,weekday,1.6325,0.7591,2.63
8,9,weekend,2,0,3
8,10,weekday,1.7008,0.6689,2.7
8,10,weekend,2,0,3
8,11,weekday,1.702,0.6663,2.7
8,11,weekend,2,0,3
8,12,weekday,1.7187,0.6291,2.72
8,12,weekend,2,0,3
8,13,weekday,1.737,0.5881,2.74
8,13,weekend,2,0,3
8,14,weekday,1.7448,0.5706,2.74
8,14,weekend,2,0,3
8,15,weekday,1.767,0.521,2.77
8,15,weekend,2,0,3
8,16,weekday,1.7885,0.4729,2.79
8,16,weekend,2,0,3
8,17,weekday,1.808,0.4293,2.81
8,17,weekend,2,0,3
8,18,weekday,1.8808,0.2664,2.88
8,18,weekend,2,0,3
8,19,weekday,1.8873,0.2519,2.89
8,19,weekend,2,0,3
8,20,weekday,1.9213,0.1759,2.92
8,20,weekend,2,0,3
8,21,weekday,1.9308,0.1546,2.93
8,21,weekend,2,0,3
8,22,weekday,1.927,0.1632,2.93
8,22,weekend,2,0,3
8,23,weekday,1.936,0.1431,2.94
8,23,weekend,2,0,3
9,0,weekday,1.6,0.8944,2.6
9,0,weekend,2,0,3
9,1,weekday,1.6,0.8944,2.6
9,1,weekend,2,0,3
9,2,weekday,1.6089,0.8746,2.61
9,2,weekend,2,0,3
9,3,weekday,1.6156,0.8596,2.62
9,3,weekend,2,0,3
9,4,weekday,1.6131,0.8651,2.61
9,4,weekend,2,0,3
9,5,weekday,1.6149,0.8612,2.61
9,5,weekend,2,0,3
9,6,weekday,1.6064,0.88,2.61
9,6,weekend,2,0,3
9,7,weekday,1.6289,0.8298,2.63
9,7,weekend,2,0,3
9,8,weekday,1.6791,0.7175,2.68
9,8,weekend,2,0,3
9,9,weekday,1.7138,0.64,2.71
9,9,weekend,2,0,3
9,10,weekday,1.712,0.644,2.71
9,10,weekend,2,0,3
9,11,weekday,1.7213,0.6231,2.72
9,11,weekend,2,0,3
9,12,weekday,1.7673,0.5202,2.77
9,12,weekend,2,0,3
9,13,weekday,1.8153,0.4129,2.82
9,13,weekend,2,0,3
9,14,weekday,1.8338,0.3717,2.83
9,14,weekend,2,0,3
9,15,weekday,1.8998,0.2241,2.9
9,15,weekend,2,0,3
9,16,weekday,1.8991,0.2256,2.9
9,16,weekend,2,0,3
9,17,weekday,2,0,3
9,17,weekend,2,0,3
9,18,weekday,2,0,3
9,18,weekend,2,0,3
9,19,weekday,2,0,3
9,19,weekend,2,0,3
9,20,weekday,2,0,3
9,20,weekend,2,0,3
9,21,weekday,2,0,3
9,21,weekend,2,0,3
9,22,weekday,2,0,3
9,22,weekend,2,0,3
9,23,weekday,2,0,3
9,23,weekend,2,0,3
10,0,weekday,1.4938,0.8661,2.49
10,0,weekend,2,0,3
10,1,weekday,1.49,0.8663,2.49
10,1,weekend,2,0,3
10,2,weekday,1.4879,0.8664,2.49
10,2,weekend,2,0,3
10,3,weekday,1.4957,0.8599,2.5
10,3,weekend,2,0,3
10,4,weekday,1.5115,0.8366,2.51
10,4,weekend,2,0,3
10,5,weekday,1.5188,0.8164,2.52
10,5,weekend,2,0,3
10,6,weekday,1.5296,0.8333,2.53
10,6,weekend,2,0,3
10,7,weekday,1.6485,0.6791,2.65
10,7,weekend,2,0,3
10,8,weekday,1.6596,0.6305,2.66
10,8,weekend,2,0,3
10,9,weekday,1.7093,0.65,2.71
10,9,weekend,2,0,3
10,10,weekday,1.7578,0.5416,2.76
10,10,weekend,2,0,3
10,11,weekday,1.7643,0.527,2.76
10,11,weekend,2,0,3
10,12,weekday,1.7678,0.5193,2.77
10,12,weekend,2,0,3
10,13,weekday,1.7747,0.5037,2.77
10,13,weekend,2,0,3
10,14,weekday,1.7792,0.4938,2.78
10,14,weekend,2,0,3
10,15,weekday,1.7988,0.45,2.8
10,15,weekend,2,0,3
10,16,weekday,1.7889,0.4721,2.79
10,16,weekend,2,0,3
10,17,weekday,1.7946,0.4593,2.79
10,17,weekend,2,0,3
10,18,weekday,1.8317,0.3764,2.83
10,18,weekend,2,0,3
10,19,weekday,1.8014,0.4441,2.8
10,19,weekend,2,0,3
10,20,weekday,1.8682,0.2947,2.87
10,20,weekend,2,0,3
10,21,weekday,1.8919,0.2416,2.89
10,21,weekend,2,0,3
10,22,weekday,1.8882,0.25,2.89
10,22,weekend,2,0,3
10,23,weekday,1.8915,0.2426,2.89
10,23,weekend,2,0,3
11,0,weekday,1.6,0.8944,2.6
11,0,weekend,2,0,3
11,1,weekday,1.6,0.8944,2.6
11,1,weekend,2,0,3
11,2,weekday,1.615,0.8609,2.62
11,2,weekend,2,0,3
11,3,weekday,1.631,0.8251,2.63
11,3,weekend,2,0,3
11,4,weekday,1.647,0.7893,2.65
11,4,weekend,2,0,3
11,5,weekday,1.64,0.805,2.64
11,5,weekend,2,0,3
11,6,weekday,1.624,0.8408,2.62
11,6,weekend,2,0,3
11,7,weekday,1.6655,0.748,2.67
11,7,weekend,2,0,3
11,8,weekday,1.8125,0.4193,2.81
11,8,weekend,2,0,3
11,9,weekday,1.7985,0.4506,2.8
11,9,weekend,2,0,3
11,10,weekday,1.79,0.4696,2.79
11,10,weekend,2,0,3
11,11,weekday,1.9215,0.1755,2.92
11,11,weekend,2,0,3
11,12,weekday,1.9025,0.218,2.9
11,12,weekend,2,0,3
11,13,weekday,1.941,0.1319,2.94
11,13,weekend,2,0,3
11,14,weekday,2,0,3
11,14,weekend,2,0,3
11,15,weekday,2,0,3
11,15,weekend,2,0,3
11,16,weekday,2,0,3
11,16,weekend,2,0,3
11,17,weekday,2,0,3
11,17,weekend,2,0,3
11,18,weekday,2,0,3
11,18,weekend,2,0,3
11,19,weekday,2,0,3
11,19,weekend,2,0,3
11,20,weekday,2,0,3
11,20,weekend,2,0,3
11,21,weekday,2,0,3
11,21,weekend,2,0,3
11,22,weekday,2,0,3
11,22,weekend,2,0,3
11,23,weekday,2,0,3
11,23,weekend,2,0,3
12,0,weekday,1.6,0.8944,2.6
12,0,weekend,2,0,3
12,1,weekday,1.6121,0.8674,2.61
12,1,weekend,2,0,3
12,2,weekday,1.63,0.8273,2.63
12,2,weekend,2,0,3
12,3,weekday,1.6412,0.8022,2.64
12,3,weekend,2,0,3
12,4,weekday,1.6612,0.7575,2.66
12,4,weekend,2,0,3
12,5,weekday,1.6654,0.7481,2.67
12,5,weekend,2,0,3
12,6,weekday,1.8004,0.4463,2.8
12,6,weekend,2,0,3
12,7,weekday,1.7467,0.5665,2.75
12,7,weekend,2,0,3
12,8,weekday,1.7279,0.6084,2.73
12,8,weekend,2,0,3
12,9,weekday,1.8488,0.3382,2.85
12,9,weekend,2,0,3
12,10,weekday,2,0,3
12,10,weekend,2,0,3
12,11,weekday,2,0,3
12,11,weekend,2,0,3
12,12,weekday,2,0,3
12,12,weekend,2,0,3
12,13,weekday,2,0,3
12,13,weekend,2,0,3
12,14,weekday,2,0,3
12,14,weekend,2,0,3
12,15,weekday,2,0,3
12,15,weekend,2,0,3
12,16,weekday,2,0,3
12,16,weekend,2,0,3
12,17,weekday,2,0,3
12,17,weekend,2,0,3
12,18,weekday,2,0,3
12,18,weekend,2,0,3
12,19,weekday,2,0,3
12,19,weekend,2,0,3
12,20,weekday,2,0,3
12,20,weekend,2,0,3
12,21,weekday,2,0,3
12,21,weekend,2,0,3
12,22,weekday,2,0,3
12,22,weekend,2,0,3
12,23,weekday,2,0,3
12,23,weekend,2,0,3
13,0,weekday,1.6195,0.8508,2.62
13,0,weekend,2,0,3
13,1,weekday,1.631,0.8251,2.63
13,1,weekend,2,0,3
13,2,weekday,1.6512,0.7799,2.65
13,2,weekend,2,0,3
13,3,weekday,1.66,0.7603,2.66
13,3,weekend,2,0,3
13,4,weekday,1.6632,0.753,2.66
13,4,weekend,2,0,3
13,5,weekday,1.6732,0.7307,2.67
13,5,weekend,2,0,3
13,6,weekday,1.729,0.606,2.73
13,6,weekend,2,0,3
13,7,weekday,1.738,0.5858,2.74
13,7,weekend,2,0,3
13,8,weekday,1.803,0.4405,2.8
13,8,weekend,2,0,3
13,9,weekday,1.9275,0.1621,2.93
13,9,weekend,2,0,3
13,10,weekday,2,0,3
13,10,weekend,2,0,3
13,11,weekday,2,0,3
13,11,weekend,2,0,3
13,12,weekday,2,0,3
13,12,weekend,2,0,3
13,13,weekday,2,0,3
13,13,weekend,2,0,3
13,14,weekday,2,0,3
13,14,weekend,2,0,3
13,15,weekday,2,0,3
13,15,weekend,2,0,3
13,16,weekday,2,0,3
13,16,weekend,2,0,3
13,17,weekday,2,0,3
13,17,weekend,2,0,3
13,18,weekday,2,0,3
13,18,weekend,2,0,3
13,19,weekday,2,0,3
13,19,weekend,2,0,3
13,20,weekday,2,0,3
13,20,weekend,2,0,3
13,21,weekday,2,0,3
13,21,weekend,2,0,3
13,22,weekday,2,0,3
13,22,weekend,2,0,3
13,23,weekday,2,0,3
13,23,weekend,2,0,3
14,0,weekday,1.6179,0.8544,2.62
14,0,weekend,2,0,3
14,1,weekday,1.62,0.8497,2.62
14,1,weekend,2,0,3
14,2,weekday,1.6262,0.8358,2.63
14,2,weekend,2,0,3
14,3,weekday,1.6333,0.8199,2.63
14,3,weekend,2,0,3
14,4,weekday,1.6504,0.7817,2.65
14,4,weekend,2,0,3
14,5,weekday,1.6733,0.7304,2.67
14,5,weekend,2,0,3
14,6,weekday,1.7733,0.5068,2.77
14,6,weekend,2,0,3
14,7,weekday,1.7583,0.5404,2.76
14,7,weekend,2,0,3
14,8,weekday,1.7988,0.45,2.8
14,8,weekend,2,0,3
14,9,weekday,1.9117,0.1975,2.91
14,9,weekend,2,0,3
14,10,weekday,1.9483,0.1155,2.95
14,10,weekend,2,0,3
14,11,weekday,1.945,0.123,2.94
14,11,weekend,2,0,3
14,12,weekday,2,0,3
14,12,weekend,2,0,3
14,13,weekday,2,0,3
14,13,weekend,2,0,3
14,14,weekday,2,0,3
14,14,weekend,2,0,3
14,15,weekday,2,0,3
14,15,weekend,2,0,3
14,16,weekday,2,0,3
14,16,weekend,2,0,3
14,17,weekday,2,0,3
14,17,weekend,2,0,3
14,18,weekday,2,0,3
14,18,weekend,2,0,3
14,19,weekday,2,0,3
14,19,weekend,2,0,3
14,20,weekday,2,0,3
14,20,weekend,2,0,3
14,21,weekday,2,0,3
14,21,weekend,2,0,3
14,22,weekday,2,0,3
14,22,weekend,2,0,3
14,23,weekday,2,0,3
14,23,weekend,2,0,3
15,0,weekday,1.6217,0.846,2.62
15,0,weekend,2,0,3
15,1,weekday,1.6261,0.836,2.63
15,1,weekend,2,0,3
15,2,weekday,1.6289,0.8298,2.63
15,2,weekend,2,0,3
15,3,weekday,1.65,0.7826,2.65
15,3,weekend,2,0,3
15,4,weekday,1.6444,0.7951,2.64
15,4,weekend,2,0,3
15,5,weekday,1.6761,0.7242,2.68
15,5,weekend,2,0,3
15,6,weekday,1.8206,0.4012,2.82
15,6,weekend,2,0,3
15,7,weekday,2,0,3
15,7,weekend,2,0,3
15,8,weekday,2,0,3
15,8,weekend,2,0,3
15,9,weekday,2,0,3
15,9,weekend,2,0,3
15,10,weekday,2,0,3
15,10,weekend,2,0,3
15,11,weekday,2,0,3
15,11,weekend,2,0,3
15,12,weekday,2,0,3
15,12,weekend,2,0,3
15,13,weekday,2,0,3
15,13,weekend,2,0,3
15,14,weekday,2,0,3
15,14,weekend,2,0,3
15,15,weekday,2,0,3
15,15,weekend,2,0,3
15,16,weekday,2,0,3
15,16,weekend,2,0,3
15,17,weekday,2,0,3
15,17,weekend,2,0,3
15,18,weekday,2,0,3
15,18,weekend,2,0,3
15,19,weekday,2,0,3
15,19,weekend,2,0,3
15,20,weekday,2,0,3
15,20,weekend,2,0,3
15,21,weekday,2,0,3
15,21,weekend,2,0,3
15,22,weekday,2,0,3
15,22,weekend,2,0,3
15,23,weekday,2,0,3
15,23,weekend,2,0,3
16,0,weekday,1.6,0.8944,2.6
16,0,weekend,2,0,3
16,1,weekday,1.6061,0.8808,2.61
16,1,weekend,2,0,3
16,2,weekday,1.6086,0.8752,2.61
16,2,weekend,2,0,3
16,3,weekday,1.625,0.8385,2.62
16,3,weekend,2,0,3
16,4,weekday,1.6357,0.8146,2.64
16,4,weekend,2,0,3
16,5,weekday,1.6479,0.7874,2.65
16,5,weekend,2,0,3
16,6,weekday,1.6939,0.6844,2.69
16,6,weekend,2,0,3
16,7,weekday,1.6732,0.7307,2.67
16,7,weekend,2,0,3
16,8,weekday,1.7761,0.5007,2.78
16,8,weekend,2,0,3
16,9,weekday,1.8604,0.3122,2.86
16,9,weekend,2,0,3
16,10,weekday,1.8207,0.4009,2.82
16,10,weekend,2,0,3
16,11,weekday,1.9368,0.1414,2.94
16,11,weekend,2,0,3
16,12,weekday,1.9307,0.1549,2.93
16,12,weekend,2,0,3
16,13,weekday,1.9757,0.0543,2.98
16,13,weekend,2,0,3
16,14,weekday,1.9754,0.0551,2.98
16,14,weekend,2,0,3
16,15,weekday,2,0,3
16,15,weekend,2,0,3
16,16,weekday,2,0,3
16,16,weekend,2,0,3
16,17,weekday,2,0,3
16,17,weekend,2,0,3
16,18,weekday,2,0,3
16,18,weekend,2,0,3
16,19,weekday,2,0,3
16,19,weekend,2,0,3
16,20,weekday,2,0,3
16,20,weekend,2,0,3
16,21,weekday,2,0,3
16,21,weekend,2,0,3
16,22,weekday,2,0,3
16,22,weekend,2,0,3
16,23,weekday,2,0,3
16,23,weekend,2,0,3
17,0,weekday,1.6016,0.8909,2.6
17,0,weekend,2,0,3
17,1,weekday,1.6031,0.8875,2.6
17,1,weekend,2,0,3
17,2,weekday,1.6,0.8944,2.6
17,2,weekend,2,0,3
17,3,weekday,1.6166,0.8574,2.62
17,3,weekend,2,0,3
17,4,weekday,1.6212,0.8469,2.62
17,4,weekend,2,0,3
17,5,weekday,1.6225,0.8441,2.62
17,5,weekend,2,0,3
17,6,weekday,1.6906,0.6918,2.69
17,6,weekend,2,0,3
17,7,weekday,1.7541,0.5499,2.75
17,7,weekend,2,0,3
17,8,weekday,1.8319,0.3759,2.83
17,8,weekend,2,0,3
17,9,weekday,1.9856,0.0322,2.99
17,9,weekend,2,0,3
17,10,weekday,2,0,3
17,10,weekend,2,0,3
17,11,weekday,2,0,3
17,11,weekend,2,0,3
17,12,weekday,2,0,3
17,12,weekend,2,0,3
17,13,weekday,2,0,3
17,13,weekend,2,0,3
17,14,weekday,2,0,3
17,14,weekend,2,0,3
17,15,weekday,2,0,3
17,15,weekend,2,0,3
17,16,weekday,2,0,3
17,16,weekend,2,0,3
17,17,weekday,2,0,3
17,17,weekend,2,0,3
17,18,weekday,2,0,3
17,18,weekend,2,0,3
17,19,weekday,2,0,3
17,19,weekend,2,0,3
17,20,weekday,2,0,3
17,20,weekend,2,0,3
17,21,weekday,2,0,3
17,21,weekend,2,0,3
17,22,weekday,2,0,3
17,22,weekend,2,0,3
17,23,weekday,2,0,3
17,23,weekend,2,0,3
18,0,weekday,1.4451,0.8747,2.45
18,0,weekend,2,0,3
18,1,weekday,1.4464,0.8697,2.45
18,1,weekend,2,0,3
18,2,weekday,1.4462,0.8707,2.45
18,2,weekend,2,0,3
18,3,weekday,1.4502,0.8693,2.45
18,3,weekend,2,0,3
18,4,weekday,1.4631,0.8551,2.46
18,4,weekend,2,0,3
18,5,weekday,1.4651,0.8507,2.47
18,5,weekend,2,0,3
18,6,weekday,1.4785,0.8168,2.48
18,6,weekend,2,0,3
18,7,weekday,1.5189,0.743,2.52
18,7,weekend,2,0,3
18,8,weekday,1.5251,0.73,2.53
18,8,weekend,2,0,3
18,9,weekday,1.5319,0.7328,2.53
18,9,weekend,2,0,3
18,10,weekday,1.5253,0.7517,2.53
18,10,weekend,2,0,3
18,11,weekday,1.5461,0.7425,2.55
18,11,weekend,2,0,3
18,12,weekday,1.557,0.7034,2.56
18,12,weekend,2,0,3
18,13,weekday,1.5699,0.6988,2.57
18,13,weekend,2,0,3
18,14,weekday,1.6054,0.6449,2.61
18,14,weekend,2,0,3
18,15,weekday,1.646,0.5787,2.65
18,15,weekend,2,0,3
18,16,weekday,1.6817,0.5258,2.68
18,16,weekend,2,0,3
18,17,weekday,1.7104,0.5167,2.71
18,17,weekend,2,0,3
18,18,weekday,1.7384,0.5129,2.74
18,18,weekend,2,0,3
18,19,weekday,1.8006,0.4437,2.8
18,19,weekend,2,0,3
18,20,weekday,1.8199,0.4028,2.82
18,20,weekend,2,0,3
18,21,weekday,1.8336,0.3672,2.83
18,21,weekend,2,0,3
18,22,weekday,1.8383,0.3543,2.84
18,22,weekend,2,0,3
18,23,weekday,1.8399,0.3545,2.84
18,23,weekend,2,0,3
19,0,weekday,1.6107,0.8706,2.61
19,0,weekend,2,0,3
19,1,weekday,1.608,0.8765,2.61
19,1,weekend,2,0,3
19,2,weekday,1.608,0.8765,2.61
19,2,weekend,2,0,3
19,3,weekday,1.6137,0.8639,2.61
19,3,weekend,2,0,3
19,4,weekday,1.6197,0.8505,2.62
19,4,weekend,2,0,3
19,5,weekday,1.6203,0.8489,2.62
19,5,weekend,2,0,3
19,6,weekday,1.6327,0.8214,2.63
19,6,weekend,2,0,3
19,7,weekday,1.6103,0.8713,2.61
19,7,weekend,2,0,3
19,8,weekday,1.6657,0.7476,2.67
19,8,weekend,2,0,3
19,9,weekday,1.6387,0.808,2.64
19,9,weekend,2,0,3
19,10,weekday,1.7177,0.6313,2.72
19,10,weekend,2,0,3
19,11,weekday,1.696,0.6798,2.7
19,11,weekend,2,0,3
19,12,weekday,1.6843,0.7058,2.68
19,12,weekend,2,0,3
19,13,weekday,1.693,0.6865,2.69
19,13,weekend,2,0,3
19,14,weekday,1.7287,0.6067,2.73
19,14,weekend,2,0,3
19,15,weekday,1.7243,0.6164,2.72
19,15,weekend,2,0,3
19,16,weekday,1.7873,0.4755,2.79
19,16,weekend,2,0,3
19,17,weekday,1.8797,0.2691,2.88
19,17,weekend,2,0,3
19,18,weekday,1.9673,0.073,2.97
19,18,weekend,2,0,3
19,19,weekday,1.965,0.0783,2.96
19,19,weekend,2,0,3
19,20,weekday,2,0,3
19,20,weekend,2,0,3
19,21,weekday,2,0,3
19,21,weekend,2,0,3
19,22,weekday,2,0,3
19,22,weekend,2,0,3
19,23,weekday,2,0,3
19,23,weekend,2,0,3
20,0,weekday,1.6131,0.8651,2.61
20,0,weekend,2,0,3
20,1,weekday,1.6169,0.8567,2.62
20,1,weekend,2,0,3
20,2,weekday,1.6164,0.8577,2.62
20,2,weekend,2,0,3
20,3,weekday,1.6209,0.8477,2.62
20,3,weekend,2,0,3
20,4,weekday,1.6218,0.8457,2.62
20,4,weekend,2,0,3
20,5,weekday,1.6287,0.8303,2.63
20,5,weekend,2,0,3
20,6,weekday,1.6327,0.8214,2.63
20,6,weekend,2,0,3
20,7,weekday,1.7031,0.6638,2.7
20,7,weekend,2,0,3
20,8,weekday,1.7358,0.5908,2.74
20,8,weekend,2,0,3
20,9,weekday,1.8018,0.4432,2.8
20,9,weekend,2,0,3
20,10,weekday,1.8569,0.32,2.86
20,10,weekend,2,0,3
20,11,weekday,1.8931,0.239,2.89
20,11,weekend,2,0,3
20,12,weekday,1.8782,0.2723,2.88
20,12,weekend,2,0,3
20,13,weekday,1.9222,0.1739,2.92
20,13,weekend,2,0,3
20,14,weekday,1.9498,0.1123,2.95
20,14,weekend,2,0,3
20,15,weekday,1.9867,0.0298,2.99
20,15,weekend,2,0,3
20,16,weekday,2,0,3
20,16,weekend,2,0,3
20,17,weekday,2,0,3
20,17,weekend,2,0,3
20,18,weekday,2,0,3
20,18,weekend,2,0,3
20,19,weekday,2,0,3
20,19,weekend,2,0,3
20,20,weekday,2,0,3
20,20,weekend,2,0,3
20,21,weekday,2,0,3
20,21,weekend,2,0,3
20,22,weekday,2,0,3
20,22,weekend,2,0,3
20,23,weekday,2,0,3
20,23,weekend,2,0,3
21,0,weekday,1.6094,0.8735,2.61
21,0,weekend,2,0,3
21,1,weekday,1.6112,0.8693,2.61
21,1,weekend,2,0,3
21,2,weekday,1.605,0.8832,2.6
21,2,weekend,2,0,3
21,3,weekday,1.6212,0.8469,2.62
21,3,weekend,2,0,3
21,4,weekday,1.6262,0.8358,2.63
21,4,weekend,2,0,3
21,5,weekday,1.6331,0.8204,2.63
21,5,weekend,2,0,3
21,6,weekday,1.6444,0.7952,2.64
21,6,weekend,2,0,3
21,7,weekday,1.6719,0.7337,2.67
21,7,weekend,2,0,3
21,8,weekday,1.7481,0.5632,2.75
21,8,weekend,2,0,3
21,9,weekday,1.8862,0.2544,2.89
21,9,weekend,2,0,3
21,10,weekday,1.8631,0.3061,2.86
21,10,weekend,2,0,3
21,11,weekday,1.9475,0.1174,2.95
21,11,weekend,2,0,3
21,12,weekday,2,0,3
21,12,weekend,2,0,3
21,13,weekday,2,0,3
21,13,weekend,2,0,3
21,14,weekday,2,0,3
21,14,weekend,2,0,3
21,15,weekday,2,0,3
21,15,weekend,2,0,3
21,16,weekday,2,0,3
21,16,weekend,2,0,3
21,17,weekday,2,0,3
21,17,weekend,2,0,3
21,18,weekday,2,0,3
21,18,weekend,2,0,3
21,19,weekday,2,0,3
21,19,weekend,2,0,3
21,20,weekday,2,0,3
21,20,weekend,2,0,3
21,21,weekday,2,0,3
21,21,weekend,2,0,3
21,22,weekday,2,0,3
21,22,weekend,2,0,3
21,23,weekday,2,0,3
21,23,weekend,2,0,3
22,0,weekday,1.49,0.8374,2.49
22,0,weekend,2,0,3
22,1,weekday,1.5157,0.8045,2.52
22,1,weekend,2,0,3
22,2,weekday,1.5486,0.7285,2.55
22,2,weekend,2,0,3
22,3,weekday,1.5457,0.7354,2.55
22,3,weekend,2,0,3
22,4,weekday,1.5371,0.7516,2.54
22,4,weekend,2,0,3
22,5,weekday,1.5333,0.7534,2.53
22,5,weekend,2,0,3
22,6,weekday,1.7005,0.5085,2.7
22,6,weekend,2,0,3
22,7,weekday,1.7752,0.5026,2.78
22,7,weekend,2,0,3
22,8,weekday,1.8186,0.4057,2.82
22,8,weekend,2,0,3
22,9,weekday,1.7586,0.5398,2.76
22,9,weekend,2,0,3
22,10,weekday,1.7576,0.542,2.76
22,10,weekend,2,0,3
22,11,weekday,1.7843,0.4824,2.78
22,11,weekend,2,0,3
22,12,weekday,1.8667,0.2982,2.87
22,12,weekend,2,0,3
22,13,weekday,1.8443,0.3482,2.84
22,13,weekend,2,0,3
22,14,weekday,1.8924,0.2406,2.89
22,14,weekend,2,0,3
22,15,weekday,1.9481,0.1161,2.95
22,15,weekend,2,0,3
22,16,weekday,1.9138,0.1927,2.91
22,16,weekend,2,0,3
22,17,weekday,1.8719,0.2864,2.87
22,17,weekend,2,0,3
22,18,weekday,1.8905,0.2449,2.89
22,18,weekend,2,0,3
22,19,weekday,1.8229,0.3961,2.82
22,19,weekend,2,0,3
22,20,weekday,1.8005,0.4461,2.8
22,20,weekend,2,0,3
22,21,weekday,1.8581,0.3173,2.86
22,21,weekend,2,0,3
22,22,weekday,1.8495,0.3365,2.85
22,22,weekend,2,0,3
22,23,weekday,1.8648,0.3024,2.86
22,23,weekend,2,0,3
23,0,weekday,1.6393,0.8065,2.64
23,0,weekend,2,0,3
23,1,weekday,1.646,0.7916,2.65
23,1,weekend,2,0,3
23,2,weekday,1.6813,0.7125,2.68
23,2,weekend,2,0,3
23,3,weekday,1.7027,0.6649,2.7
23,3,weekend,2,0,3
23,4,weekday,1.736,0.5903,2.74
23,4,weekend,2,0,3
23,5,weekday,1.7373,0.5873,2.74
23,5,weekend,2,0,3
23,6,weekday,1.9353,0.1446,2.94
23,6,weekend,2,0,3
23,7,weekday,1.82,0.4025,2.82
23,7,weekend,2,0,3
23,8,weekday,1.8147,0.4144,2.81
23,8,weekend,2,0,3
23,9,weekday,2,0,3
23,9,weekend,2,0,3
23,10,weekday,2,0,3
23,10,weekend,2,0,3
23,11,weekday,2,0,3
23,11,weekend,2,0,3
23,12,weekday,2,0,3
23,12,weekend,2,0,3
23,13,weekday,2,0,3
23,13,weekend,2,0,3
23,14,weekday,2,0,3
23,14,weekend,2,0,3
23,15,weekday,2,0,3
23,15,weekend,2,0,3
23,16,weekday,2,0,3
23,16,weekend,2,0,3
23,17,weekday,2,0,3
23,17,weekend,2,0,3
23,18,weekday,2,0,3
23,18,weekend,2,0,3
23,19,weekday,2,0,3
23,19,weekend,2,0,3
23,20,weekday,2,0,3
23,20,weekend,2,0,3
23,21,weekday,2,0,3
23,21,weekend,2,0,3
23,22,weekday,2,0,3
23,22,weekend,2,0,3
23,23,weekday,2,0,3
23,23,weekend,2,0,3
24,0,weekday,1.6,0.8944,2.6
24,0,weekend,2,0,3
24,1,weekday,1.6078,0.877,2.61
24,1,weekend,2,0,3
24,2,weekday,1.6083,0.8758,2.61
24,2,weekend,2,0,3
24,3,weekday,1.6228,0.8435,2.62
24,3,weekend,2,0,3
24,4,weekday,1.6544,0.7727,2.65
24,4,weekend,2,0,3
24,5,weekday,1.6694,0.7392,2.67
24,5,weekend,2,0,3
24,6,weekday,1.74,0.5814,2.74
24,6,weekend,2,0,3
24,7,weekday,1.7622,0.5317,2.76
24,7,weekend,2,0,3
24,8,weekday,1.6939,0.6845,2.69
24,8,weekend,2,0,3
24,9,weekday,1.7961,0.4559,2.8
24,9,weekend,2,0,3
24,10,weekday,1.9667,0.0746,2.97
24,10,weekend,2,0,3
24,11,weekday,2,0,3
24,11,weekend,2,0,3
24,12,weekday,2,0,3
24,12,weekend,2,0,3
24,13,weekday,2,0,3
24,13,weekend,2,0,3
24,14,weekday,2,0,3
24,14,weekend,2,0,3
24,15,weekday,2,0,3
24,15,weekend,2,0,3
24,16,weekday,2,0,3
24,16,weekend,2,0,3
24,17,weekday,2,0,3
24,17,weekend,2,0,3
24,18,weekday,2,0,3
24,18,weekend,2,0,3
24,19,weekday,2,0,3
24,19,weekend,2,0,3
24,20,weekday,2,0,3
24,20,weekend,2,0,3
24,21,weekday,2,0,3
24,21,weekend,2,0,3
24,22,weekday,2,0,3
24,22,weekend,2,0,3
24,23,weekday,2,0,3
24,23,weekend,2,0,3
25,0,weekday,1.6,0.8944,2.6
25,0,weekend,2,0,3
25,1,weekday,1.632,0.8229,2.63
25,1,weekend,2,0,3
25,2,weekday,1.6627,0.7543,2.66
25,2,weekend,2,0,3
25,3,weekday,1.6853,0.7036,2.69
25,3,weekend,2,0,3
25,4,weekday,1.7,0.6708,2.7
25,4,weekend,2,0,3
25,5,weekday,1.6973,0.6768,2.7
25,5,weekend,2,0,3
25,6,weekday,1.6833,0.7081,2.68
25,6,weekend,2,0,3
25,7,weekday,1.8553,0.3235,2.86
25,7,weekend,2,0,3
25,8,weekday,2,0,3
25,8,weekend,2,0,3
25,9,weekday,2,0,3
25,9,weekend,2,0,3
25,10,weekday,2,0,3
25,10,weekend,2,0,3
25,11,weekday,2,0,3
25,11,weekend,2,0,3
25,12,weekday,2,0,3
25,12,weekend,2,0,3
25,13,weekday,2,0,3
25,13,weekend,2,0,3
25,14,weekday,2,0,3
25,14,weekend,2,0,3
25,15,weekday,2,0,3
25,15,weekend,2,0,3
25,16,weekday,2,0,3
25,16,weekend,2,0,3
25,17,weekday,2,0,3
25,17,weekend,2,0,3
25,18,weekday,2,0,3
25,18,weekend,2,0,3
25,19,weekday,2,0,3
25,19,weekend,2,0,3
25,20,weekday,2,0,3
25,20,weekend,2,0,3
25,21,weekday,2,0,3
25,21,weekend,2,0,3
25,22,weekday,2,0,3
25,22,weekend,2,0,3
25,23,weekday,2,0,3
25,23,weekend,2,0,3
26,0,weekday,1.6,0.8944,2.6
26,0,weekend,2,0,3
26,1,weekday,1.6097,0.8728,2.61
26,1,weekend,2,0,3
26,2,weekday,1.6303,0.8266,2.63
26,2,weekend,2,0,3
26,3,weekday,1.6367,0.8125,2.64
26,3,weekend,2,0,3
26,4,weekday,1.6547,0.7722,2.65
26,4,weekend,2,0,3
26,5,weekday,1.6587,0.7633,2.66
26,5,weekend,2,0,3
26,6,weekday,1.748,0.5635,2.75
26,6,weekend,2,0,3
26,7,weekday,1.7537,0.5508,2.75
26,7,weekend,2,0,3
26,8,weekday,1.862,0.3086,2.86
26,8,weekend,2,0,3
26,9,weekday,1.9773,0.0507,2.98
26,9,weekend,2,0,3
26,10,weekday,2,0,3
26,10,weekend,2,0,3
26,11,weekday,2,0,3
26,11,weekend,2,0,3
26,12,weekday,2,0,3
26,12,weekend,2,0,3
26,13,weekday,2,0,3
26,13,weekend,2,0,3
26,14,weekday,2,0,3
26,14,weekend,2,0,3
26,15,weekday,2,0,3
26,15,weekend,2,0,3
26,16,weekday,2,0,3
26,16,weekend,2,0,3
26,17,weekday,2,0,3
26,17,weekend,2,0,3
26,18,weekday,2,0,3
26,18,weekend,2,0,3
26,19,weekday,2,0,3
26,19,weekend,2,0,3
26,20,weekday,2,0,3
26,20,weekend,2,0,3
26,21,weekday,2,0,3
26,21,weekend,2,0,3
26,22,weekday,2,0,3
26,22,weekend,2,0,3
26,23,weekday,2,0,3
26,23,weekend,2,0,3
27,0,weekday,1.6,0.8944,2.6
27,0,weekend,2,0,3
27,1,weekday,1.6,0.8944,2.6
27,1,weekend,2,0,3
27,2,weekday,1.6,0.8944,2.6
27,2,weekend,2,0,3
27,3,weekday,1.605,0.8832,2.6
27,3,weekend,2,0,3
27,4,weekday,1.6421,0.8003,2.64
27,4,weekend,2,0,3
27,5,weekday,1.6362,0.8134,2.64
27,5,weekend,2,0,3
27,6,weekday,1.6,0.8944,2.6
27,6,weekend,2,0,3
27,7,weekday,1.7404,0.5804,2.74
27,7,weekend,2,0,3
27,8,weekday,1.6942,0.6839,2.69
27,8,weekend,2,0,3
27,9,weekday,1.8929,0.2394,2.89
27,9,weekend,2,0,3
27,10,weekday,2,0,3
27,10,weekend,2,0,3
27,11,weekday,2,0,3
27,11,weekend,2,0,3
27,12,weekday,2,0,3
27,12,weekend,2,0,3
27,13,weekday,2,0,3
27,13,weekend,2,0,3
27,14,weekday,2,0,3
27,14,weekend,2,0,3
27,15,weekday,2,0,3
27,15,weekend,2,0,3
27,16,weekday,2,0,3
27,16,weekend,2,0,3
27,17,weekday,2,0,3
27,17,weekend,2,0,3
27,18,weekday,2,0,3
27,18,weekend,2,0,3
27,19,weekday,2,0,3
27,19,weekend,2,0,3
27,20,weekday,2,0,3
27,20,weekend,2,0,3
27,21,weekday,2,0,3
27,21,weekend,2,0,3
27,22,weekday,2,0,3
27,22,weekend,2,0,3
27,23,weekday,2,0,3
27,23,weekend,2,0,3
28,0,weekday,1.6181,0.8539,2.62
28,0,weekend,2,0,3
28,1,weekday,1.6369,0.812,2.64
28,1,weekend,2,0,3
28,2,weekday,1.6478,0.7875,2.65
28,2,weekend,2,0,3
28,3,weekday,1.6538,0.7742,2.65
28,3,weekend,2,0,3
28,4,weekday,1.6606,0.7589,2.66
28,4,weekend,2,0,3
28,5,weekday,1.6722,0.733,2.67
28,5,weekend,2,0,3
28,6,weekday,1.6881,0.6974,2.69
28,6,weekend,2,0,3
28,7,weekday,1.9159,0.188,2.92
28,7,weekend,2,0,3
28,8,weekday,1.9672,0.0734,2.97
28,8,weekend,2,0,3
28,9,weekday,2,0,3
28,9,weekend,2,0,3
28,10,weekday,2,0,3
28,10,weekend,2,0,3
28,11,weekday,2,0,3
28,11,weekend,2,0,3
28,12,weekday,2,0,3
28,12,weekend,2,0,3
28,13,weekday,2,0,3
28,13,weekend,2,0,3
28,14,weekday,2,0,3
28,14,weekend,2,0,3
28,15,weekday,2,0,3
28,15,weekend,2,0,3
28,16,weekday,2,0,3
28,16,weekend,2,0,3
28,17,weekday,2,0,3
28,17,weekend,2,0,3
28,18,weekday,2,0,3
28,18,weekend,2,0,3
28,19,weekday,2,0,3
28,19,weekend,2,0,3
28,20,weekday,2,0,3
28,20,weekend,2,0,3
28,21,weekday,2,0,3
28,21,weekend,2,0,3
28,22,weekday,2,0,3
28,22,weekend,2,0,3
28,23,weekday,2,0,3
28,23,weekend,2,0,3
29,0,weekday,1.6,0.8944,2.6
29,0,weekend,2,0,3
29,1,weekday,1.6095,0.8732,2.61
29,1,weekend,2,0,3
29,2,weekday,1.621,0.8475,2.62
29,2,weekend,2,0,3
29,3,weekday,1.6265,0.8352,2.63
29,3,weekend,2,0,3
29,4,weekday,1.647,0.7893,2.65
29,4,weekend,2,0,3
29,5,weekday,1.641,0.8027,2.64
29,5,weekend,2,0,3
29,6,weekday,1.812,0.4204,2.81
29,6,weekend,2,0,3
29,7,weekday,1.95,0.1118,2.95
29,7,weekend,2,0,3
29,8,weekday,2,0,3
29,8,weekend,2,0,3
29,9,weekday,2,0,3
29,9,weekend,2,0,3
29,10,weekday,2,0,3
29,10,weekend,2,0,3
29,11,weekday,2,0,3
29,11,weekend,2,0,3
29,12,weekday,2,0,3
29,12,weekend,2,0,3
29,13,weekday,2,0,3
29,13,weekend,2,0,3
29,14,weekday,2,0,3
29,14,weekend,2,0,3
29,15,weekday,2,0,3
29,15,weekend,2,0,3
29,16,weekday,2,0,3
29,16,weekend,2,0,3
29,17,weekday,2,0,3
29,17,weekend,2,0,3
29,18,weekday,2,0,3
29,18,weekend,2,0,3
29,19,weekday,2,0,3
29,19,weekend,2,0,3
29,20,weekday,2,0,3
29,20,weekend,2,0,3
29,21,weekday,2,0,3
29,21,weekend,2,0,3
29,22,weekday,2,0,3
29,22,weekend,2,0,3
29,23,weekday,2,0,3
29,23,weekend,2,0,3
30,0,weekday,1.6275,0.8329,2.63
30,0,weekend,2,0,3
30,1,weekday,1.6144,0.8623,2.61
30,1,weekend,2,0,3
30,2,weekday,1.625,0.8385,2.62
30,2,weekend,2,0,3
30,3,weekday,1.65,0.7826,2.65
30,3,weekend,2,0,3
30,4,weekday,1.6844,0.7057,2.68
30,4,weekend,2,0,3
30,5,weekday,1.6912,0.6904,2.69
30,5,weekend,2,0,3
30,6,weekday,1.6269,0.8343,2.63
30,6,weekend,2,0,3
30,7,weekday,1.6,0.8944,2.6
30,7,weekend,2,0,3
30,8,weekday,1.8056,0.4346,2.81
30,8,weekend,2,0,3
30,9,weekday,2,0,3
30,9,weekend,2,0,3
30,10,weekday,2,0,3
30,10,weekend,2,0,3
30,11,weekday,2,0,3
30,11,weekend,2,0,3
30,12,weekday,2,0,3
30,12,weekend,2,0,3
30,13,weekday,2,0,3
30,13,weekend,2,0,3
30,14,weekday,2,0,3
30,14,weekend,2,0,3
30,15,weekday,2,0,3
30,15,weekend,2,0,3
30,16,weekday,2,0,3
30,16,weekend,2,0,3
30,17,weekday,2,0,3
30,17,weekend,2,0,3
30,18,weekday,2,0,3
30,18,weekend,2,0,3
30,19,weekday,2,0,3
30,19,weekend,2,0,3
30,20,weekday,2,0,3
30,20,weekend,2,0,3
30,21,weekday,2,0,3
30,21,weekend,2,0,3
30,22,weekday,2,0,3
30,22,weekend,2,0,3
30,23,weekday,2,0,3
30,23,weekend,2,0,3
31,0,weekday,1.5815,0.8594,2.58
31,0,weekend,2,0,3
31,1,weekday,1.5844,0.8623,2.58
31,1,weekend,2,0,3
31,2,weekday,1.6023,0.8611,2.6
31,2,weekend,2,0,3
31,3,weekday,1.6002,0.856,2.6
31,3,weekend,2,0,3
31,4,weekday,1.6156,0.8335,2.62
31,4,weekend,2,0,3
31,5,weekday,1.6248,0.8045,2.62
31,5,weekend,2,0,3
31,6,weekday,1.6183,0.8534,2.62
31,6,weekend,2,0,3
31,7,weekday,1.7004,0.6699,2.7
31,7,weekend,2,0,3
31,8,weekday,1.7802,0.4915,2.78
31,8,weekend,2,0,3
31,9,weekday,1.7994,0.4486,2.8
31,9,weekend,2,0,3
31,10,weekday,1.7979,0.4519,2.8
31,10,weekend,2,0,3
31,11,weekday,1.8071,0.4314,2.81
31,11,weekend,2,0,3
31,12,weekday,1.7969,0.4542,2.8
31,12,weekend,2,0,3
31,13,weekday,1.7742,0.505,2.77
31,13,weekend,2,0,3
31,14,weekday,1.8054,0.4351,2.81
31,14,weekend,2,0,3
31,15,weekday,1.8108,0.423,2.81
31,15,weekend,2,0,3
31,16,weekday,1.8298,0.3806,2.83
31,16,weekend,2,0,3
31,17,weekday,1.8517,0.3317,2.85
31,17,weekend,2,0,3
31,18,weekday,1.819,0.4048,2.82
31,18,weekend,2,0,3
31,19,weekday,1.8281,0.3843,2.83
31,19,weekend,2,0,3
31,20,weekday,1.9069,0.2082,2.91
31,20,weekend,2,0,3
31,21,weekday,1.961,0.0871,2.96
31,21,weekend,2,0,3
31,22,weekday,1.9731,0.0601,2.97
31,22,weekend,2,0,3
31,23,weekday,1.969,0.0694,2.97
31,23,weekend,2,0,3
32,0,weekday,1.6047,0.884,2.6
32,0,weekend,2,0,3
32,1,weekday,1.614,0.8631,2.61
32,1,weekend,2,0,3
32,2,weekday,1.6327,0.8214,2.63
32,2,weekend,2,0,3
32,3,weekday,1.6303,0.8266,2.63
32,3,weekend,2,0,3
32,4,weekday,1.6277,0.8326,2.63
32,4,weekend,2,0,3
32,5,weekday,1.6242,0.8404,2.62
32,5,weekend,2,0,3
32,6,weekday,1.63,0.8273,2.63
32,6,weekend,2,0,3
32,7,weekday,1.72,0.6261,2.72
32,7,weekend,2,0,3
32,8,weekday,1.7793,0.4934,2.78
32,8,weekend,2,0,3
32,9,weekday,1.858,0.3175,2.86
32,9,weekend,2,0,3
32,10,weekday,1.9398,0.1345,2.94
32,10,weekend,2,0,3
32,11,weekday,1.9548,0.101,2.95
32,11,weekend,2,0,3
32,12,weekday,1.9447,0.1237,2.94
32,12,weekend,2,0,3
32,13,weekday,2,0,3
32,13,weekend,2,0,3
32,14,weekday,2,0,3
32,14,weekend,2,0,3
32,15,weekday,2,0,3
32,15,weekend,2,0,3
32,16,weekday,2,0,3
32,16,weekend,2,0,3
32,17,weekday,2,0,3
32,17,weekend,2,0,3
32,18,weekday,2,0,3
32,18,weekend,2,0,3
32,19,weekday,2,0,3
32,19,weekend,2,0,3
32,20,weekday,2,0,3
32,20,weekend,2,0,3
32,21,weekday,2,0,3
32,21,weekend,2,0,3
32,22,weekday,2,0,3
32,22,weekend,2,0,3
32,23,weekday,2,0,3
32,23,weekend,2,0,3
33,0,weekday,1.6,0.8944,2.6
33,0,weekend,2,0,3
33,1,weekday,1.6,0.8944,2.6
33,1,weekend,2,0,3
33,2,weekday,1.6,0.8944,2.6
33,2,weekend,2,0,3
33,3,weekday,1.6038,0.8859,2.6
33,3,weekend,2,0,3
33,4,weekday,1.6051,0.883,2.61
33,4,weekend,2,0,3
33,5,weekday,1.6055,0.8821,2.61
33,5,weekend,2,0,3
33,6,weekday,1.6074,0.8779,2.61
33,6,weekend,2,0,3
33,7,weekday,1.609,0.8743,2.61
33,7,weekend,2,0,3
33,8,weekday,1.6235,0.8419,2.62
33,8,weekend,2,0,3
33,9,weekday,1.6777,0.7207,2.68
33,9,weekend,2,0,3
33,10,weekday,1.66,0.7603,2.66
33,10,weekend,2,0,3
33,11,weekday,1.6915,0.6898,2.69
33,11,weekend,2,0,3
33,12,weekday,1.7094,0.6498,2.71
33,12,weekend,2,0,3
33,13,weekday,1.7197,0.6268,2.72
33,13,weekend,2,0,3
33,14,weekday,1.7214,0.623,2.72
33,14,weekend,2,0,3
33,15,weekday,1.7524,0.5537,2.75
33,15,weekend,2,0,3
33,16,weekday,1.7967,0.4546,2.8
33,16,weekend,2,0,3
33,17,weekday,1.834,0.3712,2.83
33,17,weekend,2,0,3
33,18,weekday,1.8999,0.2238,2.9
33,18,weekend,2,0,3
33,19,weekday,1.9454,0.1221,2.95
33,19,weekend,2,0,3
33,20,weekday,1.9933,0.015,2.99
33,20,weekend,2,0,3
33,21,weekday,2,0,3
33,21,weekend,2,0,3
33,22,weekday,2,0,3
33,22,weekend,2,0,3
33,23,weekday,2,0,3
33,23,weekend,2,0,3
34,0,weekday,1.6042,0.8851,2.6
34,0,weekend,2,0,3
34,1,weekday,1.6108,0.8702,2.61
34,1,weekend,2,0,3
34,2,weekday,1.6203,0.8491,2.62
34,2,weekend,2,0,3
34,3,weekday,1.6251,0.8382,2.63
34,3,weekend,2,0,3
34,4,weekday,1.6342,0.818,2.63
34,4,weekend,2,0,3
34,5,weekday,1.6365,0.8128,2.64
34,5,weekend,2,0,3
34,6,weekday,1.6643,0.7506,2.66
34,6,weekend,2,0,3
34,7,weekday,1.6438,0.7966,2.64
34,7,weekend,2,0,3
34,8,weekday,1.6596,0.7612,2.66
34,8,weekend,2,0,3
34,9,weekday,1.6646,0.75,2.66
34,9,weekend,2,0,3
34,10,weekday,1.6601,0.76,2.66
34,10,weekend,2,0,3
34,11,weekday,1.6876,0.6985,2.69
34,11,weekend,2,0,3
34,12,weekday,1.6957,0.6804,2.7
34,12,weekend,2,0,3
34,13,weekday,1.7446,0.5711,2.74
34,13,weekend,2,0,3
34,14,weekday,1.76,0.5367,2.76
34,14,weekend,2,0,3
34,15,weekday,1.7968,0.4544,2.8
34,15,weekend,2,0,3
34,16,weekday,1.8317,0.3764,2.83
34,16,weekend,2,0,3
34,17,weekday,1.9224,0.1736,2.92
34,17,weekend,2,0,3
34,18,weekday,1.9822,0.0398,2.98
34,18,weekend,2,0,3
34,19,weekday,1.9908,0.0205,2.99
34,19,weekend,2,0,3
34,20,weekday,2,0,3
34,20,weekend,2,0,3
34,21,weekday,2,0,3
34,21,weekend,2,0,3
34,22,weekday,2,0,3
34,22,weekend,2,0,3
34,23,weekday,2,0,3
34,23,weekend,2,0,3
35,0,weekday,1.6142,0.8626,2.61
35,0,weekend,2,0,3
35,1,weekday,1.6169,0.8567,2.62
35,1,weekend,2,0,3
35,2,weekday,1.6258,0.8368,2.63
35,2,weekend,2,0,3
35,3,weekday,1.6316,0.8239,2.63
35,3,weekend,2,0,3
35,4,weekday,1.6367,0.8125,2.64
35,4,weekend,2,0,3
35,5,weekday,1.6376,0.8104,2.64
35,5,weekend,2,0,3
35,6,weekday,1.6298,0.8278,2.63
35,6,weekend,2,0,3
35,7,weekday,1.6016,0.8909,2.6
35,7,weekend,2,0,3
35,8,weekday,1.6404,0.804,2.64
35,8,weekend,2,0,3
35,9,weekday,1.7127,0.6425,2.71
35,9,weekend,2,0,3
35,10,weekday,1.7147,0.638,2.71
35,10,weekend,2,0,3
35,11,weekday,1.7142,0.639,2.71
35,11,weekend,2,0,3
35,12,weekday,1.7327,0.5978,2.73
35,12,weekend,2,0,3
35,13,weekday,1.7816,0.4884,2.78
35,13,weekend,2,0,3
35,14,weekday,1.7798,0.4924,2.78
35,14,weekend,2,0,3
35,15,weekday,1.8418,0.3538,2.84
35,15,weekend,2,0,3
35,16,weekday,1.9049,0.2127,2.9
35,16,weekend,2,0,3
35,17,weekday,1.9622,0.0845,2.96
35,17,weekend,2,0,3
35,18,weekday,2,0,3
35,18,weekend,2,0,3
35,19,weekday,2,0,3
35,19,weekend,2,0,3
35,20,weekday,2,0,3
35,20,weekend,2,0,3
35,21,weekday,2,0,3
35,21,weekend,2,0,3
35,22,weekday,2,0,3
35,22,weekend,2,0,3
35,23,weekday,2,0,3
35,23,weekend,2,0,3
36,0,weekday,1.6283,0.8311,2.63
36,0,weekend,2,0,3
36,1,weekday,1.6417,0.8013,2.64
36,1,weekend,2,0,3
36,2,weekday,1.6338,0.8189,2.63
36,2,weekend,2,0,3
36,3,weekday,1.6379,0.8096,2.64
36,3,weekend,2,0,3
36,4,weekday,1.6479,0.7873,2.65
36,4,weekend,2,0,3
36,5,weekday,1.64,0.805,2.64
36,5,weekend,2,0,3
36,6,weekday,1.6404,0.804,2.64
36,6,weekend,2,0,3
36,7,weekday,1.7196,0.627,2.72
36,7,weekend,2,0,3
36,8,weekday,1.8858,0.2553,2.89
36,8,weekend,2,0,3
36,9,weekday,2,0,3
36,9,weekend,2,0,3
36,10,weekday,2,0,3
36,10,weekend,2,0,3
36,11,weekday,2,0,3
36,11,weekend,2,0,3
36,12,weekday,2,0,3
36,12,weekend,2,0,3
36,13,weekday,2,0,3
36,13,weekend,2,0,3
36,14,weekday,2,0,3
36,14,weekend,2,0,3
36,15,weekday,2,0,3
36,15,weekend,2,0,3
36,16,weekday,2,0,3
36,16,weekend,2,0,3
36,17,weekday,2,0,3
36,17,weekend,2,0,3
36,18,weekday,2,0,3
36,18,weekend,2,0,3
36,19,weekday,2,0,3
36,19,weekend,2,0,3
36,20,weekday,2,0,3
36,20,weekend,2,0,3
36,21,weekday,2,0,3
36,21,weekend,2,0,3
36,22,weekday,2,0,3
36,22,weekend,2,0,3
36,23,weekday,2,0,3
36,23,weekend,2,0,3
37,0,weekday,1.6322,0.8224,2.63
37,0,weekend,2,0,3
37,1,weekday,1.64,0.805,2.64
37,1,weekend,2,0,3
37,2,weekday,1.6533,0.7752,2.65
37,2,weekend,2,0,3
37,3,weekday,1.6744,0.728,2.67
37,3,weekend,2,0,3
37,4,weekday,1.675,0.7267,2.68
37,4,weekend,2,0,3
37,5,weekday,1.6706,0.7367,2.67
37,5,weekend,2,0,3
37,6,weekday,1.83,0.3801,2.83
37,6,weekend,2,0,3
37,7,weekday,1.9556,0.0994,2.96
37,7,weekend,2,0,3
37,8,weekday,2,0,3
37,8,weekend,2,0,3
37,9,weekday,2,0,3
37,9,weekend,2,0,3
37,10,weekday,2,0,3
37,10,weekend,2,0,3
37,11,weekday,2,0,3
37,11,weekend,2,0,3
37,12,weekday,2,0,3
37,12,weekend,2,0,3
37,13,weekday,2,0,3
37,13,weekend,2,0,3
37,14,weekday,2,0,3
37,14,weekend,2,0,3
37,15,weekday,2,0,3
37,15,weekend,2,0,3
37,16,weekday,2,0,3
37,16,weekend,2,0,3
37,17,weekday,2,0,3
37,17,weekend,2,0,3
37,18,weekday,2,0,3
37,18,weekend,2,0,3
37,19,weekday,2,0,3
37,19,weekend,2,0,3
37,20,weekday,2,0,3
37,20,weekend,2,0,3
37,21,weekday,2,0,3
37,21,weekend,2,0,3
37,22,weekday,2,0,3
37,22,weekend,2,0,3
37,23,weekday,2,0,3
37,23,weekend,2,0,3
38,0,weekday,1.6,0.8944,2.6
38,0,weekend,2,0,3
38,1,weekday,1.6213,0.8467,2.62
38,1,weekend,2,0,3
38,2,weekday,1.6267,0.8348,2.63
38,2,weekend,2,0,3
38,3,weekday,1.6227,0.8438,2.62
38,3,weekend,2,0,3
38,4,weekday,1.6567,0.7677,2.66
38,4,weekend,2,0,3
38,5,weekday,1.6533,0.7752,2.65
38,5,weekend,2,0,3
38,6,weekday,1.712,0.644,2.71
38,6,weekend,2,0,3
38,7,weekday,1.776,0.5009,2.78
38,7,weekend,2,0,3
38,8,weekday,1.998,0.0045,3
38,8,weekend,2,0,3
38,9,weekday,2,0,3
38,9,weekend,2,0,3
38,10,weekday,2,0,3
38,10,weekend,2,0,3
38,11,weekday,2,0,3
38,11,weekend,2,0,3
38,12,weekday,2,0,3
38,12,weekend,2,0,3
38,13,weekday,1.9913,0.0194,2.99
38,13,weekend,2,0,3
38,14,weekday,2,0,3
38,14,weekend,2,0,3
38,15,weekday,2,0,3
38,15,weekend,2,0,3
38,16,weekday,2,0,3
38,16,weekend,2,0,3
38,17,weekday,2,0,3
38,17,weekend,2,0,3
38,18,weekday,2,0,3
38,18,weekend,2,0,3
38,19,weekday,2,0,3
38,19,weekend,2,0,3
38,20,weekday,2,0,3
38,20,weekend,2,0,3
38,21,weekday,2,0,3
38,21,weekend,2,0,3
38,22,weekday,2,0,3
38,22,weekend,2,0,3
38,23,weekday,2,0,3
38,23,weekend,2,0,3
39,0,weekday,1.6,0.8944,2.6
39,0,weekend,2,0,3
39,1,weekday,1.6144,0.8621,2.61
39,1,weekend,2,0,3
39,2,weekday,1.6122,0.8671,2.61
39,2,weekend,2,0,3
39,3,weekday,1.6194,0.851,2.62
39,3,weekend,2,0,3
39,4,weekday,1.6247,0.8392,2.62
39,4,weekend,2,0,3
39,5,weekday,1.6364,0.8131,2.64
39,5,weekend,2,0,3
39,6,weekday,1.6692,0.7398,2.67
39,6,weekend,2,0,3
39,7,weekday,1.6317,0.8236,2.63
39,7,weekend,2,0,3
39,8,weekday,1.6861,0.7019,2.69
39,8,weekend,2,0,3
39,9,weekday,1.725,0.6149,2.72
39,9,weekend,2,0,3
39,10,weekday,1.7883,0.4733,2.79
39,10,weekend,2,0,3
39,11,weekday,1.8111,0.4223,2.81
39,11,weekend,2,0,3
39,12,weekday,1.8394,0.359,2.84
39,12,weekend,2,0,3
39,13,weekday,1.8111,0.4223,2.81
39,13,weekend,2,0,3
39,14,weekday,1.8514,0.3323,2.85
39,14,weekend,2,0,3
39,15,weekday,1.8233,0.395,2.82
39,15,weekend,2,0,3
39,16,weekday,1.81,0.4249,2.81
39,16,weekend,2,0,3
39,17,weekday,1.7753,0.5025,2.78
39,17,weekend,2,0,3
39,18,weekday,1.9153,0.1894,2.92
39,18,weekend,2,0,3
39,19,weekday,1.9931,0.0155,2.99
39,19,weekend,2,0,3
39,20,weekday,2,0,3
39,20,weekend,2,0,3
39,21,weekday,2,0,3
39,21,weekend,2,0,3
39,22,weekday,2,0,3
39,22,weekend,2,0,3
39,23,weekday,2,0,3
39,23,weekend,2,0,3
40,0,weekday,1.6152,0.8605,2.62
40,0,weekend,2,0,3
40,1,weekday,1.6293,0.829,2.63
40,1,weekend,2,0,3
40,2,weekday,1.6352,0.8158,2.64
40,2,weekend,2,0,3
40,3,weekday,1.6396,0.8058,2.64
40,3,weekend,2,0,3
40,4,weekday,1.6393,0.8066,2.64
40,4,weekend,2,0,3
40,5,weekday,1.6407,0.8033,2.64
40,5,weekend,2,0,3
40,6,weekday,1.6926,0.6874,2.69
40,6,weekend,2,0,3
40,7,weekday,1.8004,0.4464,2.8
40,7,weekend,2,0,3
40,8,weekday,1.8948,0.2352,2.89
40,8,weekend,2,0,3
40,9,weekday,1.8693,0.2923,2.87
40,9,weekend,2,0,3
40,10,weekday,1.9407,0.1325,2.94
40,10,weekend,2,0,3
40,11,weekday,1.9733,0.0596,2.97
40,11,weekend,2,0,3
40,12,weekday,1.9707,0.0654,2.97
40,12,weekend,2,0,3
40,13,weekday,2,0,3
40,13,weekend,2,0,3
40,14,weekday,2,0,3
40,14,weekend,2,0,3
40,15,weekday,2,0,3
40,15,weekend,2,0,3
40,16,weekday,2,0,3
40,16,weekend,2,0,3
40,17,weekday,2,0,3
40,17,weekend,2,0,3
40,18,weekday,2,0,3
40,18,weekend,2,0,3
40,19,weekday,2,0,3
40,19,weekend,2,0,3
40,20,weekday,2,0,3
40,20,weekend,2,0,3
40,21,weekday,2,0,3
40,21,weekend,2,0,3
40,22,weekday,2,0,3
40,22,weekend,2,0,3
40,23,weekday,2,0,3
40,23,weekend,2,0,3
41,0,weekday,1.6049,0.8835,2.6
41,0,weekend,2,0,3
41,1,weekday,1.6093,0.8735,2.61
41,1,weekend,2,0,3
41,2,weekday,1.6064,0.88,2.61
41,2,weekend,2,0,3
41,3,weekday,1.6064,0.88,2.61
41,3,weekend,2,0,3
41,4,weekday,1.612,0.8676,2.61
41,4,weekend,2,0,3
41,5,weekday,1.6249,0.8388,2.62
41,5,weekend,2,0,3
41,6,weekday,1.622,0.8452,2.62
41,6,weekend,2,0,3
41,7,weekday,1.6,0.8944,2.6
41,7,weekend,2,0,3
41,8,weekday,1.6649,0.7494,2.66
41,8,weekend,2,0,3
41,9,weekday,1.7096,0.6494,2.71
41,9,weekend,2,0,3
41,10,weekday,1.7609,0.5347,2.76
41,10,weekend,2,0,3
41,11,weekday,1.7551,0.5476,2.76
41,11,weekend,2,0,3
41,12,weekday,1.78,0.4919,2.78
41,12,weekend,2,0,3
41,13,weekday,1.7969,0.4542,2.8
41,13,weekend,2,0,3
41,14,weekday,1.7978,0.4522,2.8
41,14,weekend,2,0,3
41,15,weekday,1.7827,0.486,2.78
41,15,weekend,2,0,3
41,16,weekday,1.764,0.5277,2.76
41,16,weekend,2,0,3
41,17,weekday,1.7978,0.4522,2.8
41,17,weekend,2,0,3
41,18,weekday,1.9369,0.1411,2.94
41,18,weekend,2,0,3
41,19,weekday,2,0,3
41,19,weekend,2,0,3
41,20,weekday,2,0,3
41,20,weekend,2,0,3
41,21,weekday,2,0,3
41,21,weekend,2,0,3
41,22,weekday,2,0,3
41,22,weekend,2,0,3
41,23,weekday,2,0,3
41,23,weekend,2,0,3
42,0,weekday,1.555,0.8415,2.56
42,0,weekend,2,0,3
42,1,weekday,1.5654,0.8318,2.57
42,1,weekend,2,0,3
42,2,weekday,1.5781,0.8134,2.58
42,2,weekend,2,0,3
42,3,weekday,1.5942,0.8078,2.59
42,3,weekend,2,0,3
42,4,weekday,1.6142,0.78,2.61
42,4,weekend,2,0,3
42,5,weekday,1.6242,0.7862,2.62
42,5,weekend,2,0,3
42,6,weekday,1.7031,0.6638,2.7
42,6,weekend,2,0,3
42,7,weekday,1.8115,0.4216,2.81
42,7,weekend,2,0,3
42,8,weekday,1.8238,0.3941,2.82
42,8,weekend,2,0,3
42,9,weekday,1.8269,0.3871,2.83
42,9,weekend,2,0,3
42,10,weekday,1.8062,0.4333,2.81
42,10,weekend,2,0,3
42,11,weekday,1.7838,0.4835,2.78
42,11,weekend,2,0,3
42,12,weekday,1.7983,0.4509,2.8
42,12,weekend,2,0,3
42,13,weekday,1.8215,0.3992,2.82
42,13,weekend,2,0,3
42,14,weekday,1.8554,0.3233,2.86
42,14,weekend,2,0,3
42,15,weekday,1.8288,0.3829,2.83
42,15,weekend,2,0,3
42,16,weekday,1.8317,0.3764,2.83
42,16,weekend,2,0,3
42,17,weekday,1.8044,0.4374,2.8
42,17,weekend,2,0,3
42,18,weekday,1.8656,0.3005,2.87
42,18,weekend,2,0,3
42,19,weekday,1.8848,0.2576,2.88
42,19,weekend,2,0,3
42,20,weekday,1.8675,0.2963,2.87
42,20,weekend,2,0,3
42,21,weekday,1.9275,0.1621,2.93
42,21,weekend,2,0,3
42,22,weekday,1.9244,0.1691,2.92
42,22,weekend,2,0,3
42,23,weekday,1.9221,0.1742,2.92
42,23,weekend,2,0,3
43,0,weekday,1.6053,0.8825,2.61
43,0,weekend,2,0,3
43,1,weekday,1.6147,0.8616,2.61
43,1,weekend,2,0,3
43,2,weekday,1.6453,0.7931,2.65
43,2,weekend,2,0,3
43,3,weekday,1.6572,0.7666,2.66
43,3,weekend,2,0,3
43,4,weekday,1.65,0.7826,2.65
43,4,weekend,2,0,3
43,5,weekday,1.6456,0.7924,2.65
43,5,weekend,2,0,3
43,6,weekday,1.7212,0.6233,2.72
43,6,weekend,2,0,3
43,7,weekday,1.8331,0.3732,2.83
43,7,weekend,2,0,3
43,8,weekday,1.9053,0.2117,2.91
43,8,weekend,2,0,3
43,9,weekday,1.9722,0.0622,2.97
43,9,weekend,2,0,3
43,10,weekday,2,0,3
43,10,weekend,2,0,3
43,11,weekday,2,0,3
43,11,weekend,2,0,3
43,12,weekday,2,0,3
43,12,weekend,2,0,3
43,13,weekday,2,0,3
43,13,weekend,2,0,3
43,14,weekday,2,0,3
43,14,weekend,2,0,3
43,15,weekday,2,0,3
43,15,weekend,2,0,3
43,16,weekday,2,0,3
43,16,weekend,2,0,3
43,17,weekday,2,0,3
43,17,weekend,2,0,3
43,18,weekday,2,0,3
43,18,weekend,2,0,3
43,19,weekday,2,0,3
43,19,weekend,2,0,3
43,20,weekday,2,0,3
43,20,weekend,2,0,3
43,21,weekday,2,0,3
43,21,weekend,2,0,3
43,22,weekday,2,0,3
43,22,weekend,2,0,3
43,23,weekday,2,0,3
43,23,weekend,2,0,3
44,0,weekday,1.6062,0.8805,2.61
44,0,weekend,2,0,3
44,1,weekday,1.6222,0.8447,2.62
44,1,weekend,2,0,3
44,2,weekday,1.6152,0.8603,2.62
44,2,weekend,2,0,3
44,3,weekday,1.618,0.8542,2.62
44,3,weekend,2,0,3
44,4,weekday,1.6208,0.848,2.62
44,4,weekend,2,0,3
44,5,weekday,1.6375,0.8106,2.64
44,5,weekend,2,0,3
44,6,weekday,1.6702,0.7374,2.67
44,6,weekend,2,0,3
44,7,weekday,1.775,0.5031,2.78
44,7,weekend,2,0,3
44,8,weekday,1.7772,0.4981,2.78
44,8,weekend,2,0,3
44,9,weekday,1.856,0.322,2.86
44,9,weekend,2,0,3
44,10,weekday,1.8738,0.2823,2.87
44,10,weekend,2,0,3
44,11,weekday,1.8875,0.2516,2.89
44,11,weekend,2,0,3
44,12,weekday,1.914,0.1923,2.91
44,12,weekend,2,0,3
44,13,weekday,1.9792,0.0464,2.98
44,13,weekend,2,0,3
44,14,weekday,2,0,3
44,14,weekend,2,0,3
44,15,weekday,2,0,3
44,15,weekend,2,0,3
44,16,weekday,2,0,3
44,16,weekend,2,0,3
44,17,weekday,2,0,3
44,17,weekend,2,0,3
44,18,weekday,2,0,3
44,18,weekend,2,0,3
44,19,weekday,2,0,3
44,19,weekend,2,0,3
44,20,weekday,2,0,3
44,20,weekend,2,0,3
44,21,weekday,2,0,3
44,21,weekend,2,0,3
44,22,weekday,2,0,3
44,22,weekend,2,0,3
44,23,weekday,2,0,3
44,23,weekend,2,0,3
45,0,weekday,1.6282,0.8313,2.63
45,0,weekend,2,0,3
45,1,weekday,1.6364,0.813,2.64
45,1,weekend,2,0,3
45,2,weekday,1.6521,0.7778,2.65
45,2,weekend,2,0,3
45,3,weekday,1.6575,0.7659,2.66
45,3,weekend,2,0,3
45,4,weekday,1.6761,0.7243,2.68
45,4,weekend,2,0,3
45,5,weekday,1.6725,0.7323,2.67
45,5,weekend,2,0,3
45,6,weekday,1.6911,0.6908,2.69
45,6,weekend,2,0,3
45,7,weekday,1.8846,0.258,2.88
45,7,weekend,2,0,3
45,8,weekday,2,0,3
45,8,weekend,2,0,3
45,9,weekday,2,0,3
45,9,weekend,2,0,3
45,10,weekday,2,0,3
45,10,weekend,2,0,3
45,11,weekday,2,0,3
45,11,weekend,2,0,3
45,12,weekday,2,0,3
45,12,weekend,2,0,3
45,13,weekday,2,0,3
45,13,weekend,2,0,3
45,14,weekday,2,0,3
45,14,weekend,2,0,3
45,15,weekday,2,0,3
45,15,weekend,2,0,3
45,16,weekday,2,0,3
45,16,weekend,2,0,3
45,17,weekday,2,0,3
45,17,weekend,2,0,3
45,18,weekday,2,0,3
45,18,weekend,2,0,3
45,19,weekday,2,0,3
45,19,weekend,2,0,3
45,20,weekday,2,0,3
45,20,weekend,2,0,3
45,21,weekday,2,0,3
45,21,weekend,2,0,3
45,22,weekday,2,0,3
45,22,weekend,2,0,3
45,23,weekday,2,0,3
45,23,weekend,2,0,3
46,0,weekday,1.6,0.8944,2.6
46,0,weekend,2,0,3
46,1,weekday,1.609,0.8743,2.61
46,1,weekend,2,0,3
46,2,weekday,1.6233,0.8422,2.62
46,2,weekend,2,0,3
46,3,weekday,1.6297,0.8281,2.63
46,3,weekend,2,0,3
46,4,weekday,1.6433,0.7975,2.64
46,4,weekend,2,0,3
46,5,weekday,1.6425,0.7994,2.64
46,5,weekend,2,0,3
46,6,weekday,1.6257,0.837,2.63
46,6,weekend,2,0,3
46,7,weekday,1.6273,0.8333,2.63
46,7,weekend,2,0,3
46,8,weekday,1.646,0.7916,2.65
46,8,weekend,2,0,3
46,9,weekday,1.7003,0.6701,2.7
46,9,weekend,2,0,3
46,10,weekday,1.7123,0.6432,2.71
46,10,weekend,2,0,3
46,11,weekday,1.716,0.635,2.72
46,11,weekend,2,0,3
46,12,weekday,1.7242,0.6168,2.72
46,12,weekend,2,0,3
46,13,weekday,1.7598,0.537,2.76
46,13,weekend,2,0,3
46,14,weekday,1.7827,0.486,2.78
46,14,weekend,2,0,3
46,15,weekday,1.7615,0.5333,2.76
46,15,weekend,2,0,3
46,16,weekday,1.7648,0.5258,2.76
46,16,weekend,2,0,3
46,17,weekday,1.812,0.4204,2.81
46,17,weekend,2,0,3
46,18,weekday,1.9182,0.183,2.92
46,18,weekend,2,0,3
46,19,weekday,2,0,3
46,19,weekend,2,0,3
46,20,weekday,2,0,3
46,20,weekend,2,0,3
46,21,weekday,2,0,3
46,21,weekend,2,0,3
46,22,weekday,2,0,3
46,22,weekend,2,0,3
46,23,weekday,2,0,3
46,23,weekend,2,0,3
47,0,weekday,1.4443,0.8568,2.44
47,0,weekend,2,0,3
47,1,weekday,1.455,0.8378,2.46
47,1,weekend,2,0,3
47,2,weekday,1.4602,0.8444,2.46
47,2,weekend,2,0,3
47,3,weekday,1.4626,0.8357,2.46
47,3,weekend,2,0,3
47,4,weekday,1.4739,0.83,2.47
47,4,weekend,2,0,3
47,5,weekday,1.4861,0.827,2.49
47,5,weekend,2,0,3
47,6,weekday,1.5528,0.7374,2.55
47,6,weekend,2,0,3
47,7,weekday,1.5282,0.7634,2.53
47,7,weekend,2,0,3
47,8,weekday,1.5941,0.6887,2.59
47,8,weekend,2,0,3
47,9,weekday,1.618,0.7522,2.62
47,9,weekend,2,0,3
47,10,weekday,1.6356,0.7112,2.64
47,10,weekend,2,0,3
47,11,weekday,1.6524,0.7341,2.65
47,11,weekend,2,0,3
47,12,weekday,1.6887,0.6961,2.69
47,12,weekend,2,0,3
47,13,weekday,1.7076,0.6538,2.71
47,13,weekend,2,0,3
47,14,weekday,1.7111,0.646,2.71
47,14,weekend,2,0,3
47,15,weekday,1.7106,0.6472,2.71
47,15,weekend,2,0,3
47,16,weekday,1.7476,0.5644,2.75
47,16,weekend,2,0,3
47,17,weekday,1.7256,0.6137,2.73
47,17,weekend,2,0,3
47,18,weekday,1.7269,0.6108,2.73
47,18,weekend,2,0,3
47,19,weekday,1.702,0.6663,2.7
47,19,weekend,2,0,3
47,20,weekday,1.7941,0.4605,2.79
47,20,weekend,2,0,3
47,21,weekday,1.8122,0.4199,2.81
47,21,weekend,2,0,3
47,22,weekday,1.8211,0.4,2.82
47,22,weekend,2,0,3
47,23,weekday,1.8231,0.3955,2.82
47,23,weekend,2,0,3
48,0,weekday,1.6183,0.8534,2.62
48,0,weekend,2,0,3
48,1,weekday,1.623,0.843,2.62
48,1,weekend,2,0,3
48,2,weekday,1.6227,0.8438,2.62
48,2,weekend,2,0,3
48,3,weekday,1.624,0.8408,2.62
48,3,weekend,2,0,3
48,4,weekday,1.623,0.843,2.62
48,4,weekend,2,0,3
48,5,weekday,1.6263,0.8355,2.63
48,5,weekend,2,0,3
48,6,weekday,1.636,0.8139,2.64
48,6,weekend,2,0,3
48,7,weekday,1.61,0.8721,2.61
48,7,weekend,2,0,3
48,8,weekday,1.6,0.8944,2.6
48,8,weekend,2,0,3
48,9,weekday,1.634,0.8184,2.63
48,9,weekend,2,0,3
48,10,weekday,1.647,0.7893,2.65
48,10,weekend,2,0,3
48,11,weekday,1.623,0.843,2.62
48,11,weekend,2,0,3
48,12,weekday,1.6757,0.7252,2.68
48,12,weekend,2,0,3
48,13,weekday,1.7207,0.6246,2.72
48,13,weekend,2,0,3
48,14,weekday,1.7247,0.6157,2.72
48,14,weekend,2,0,3
48,15,weekday,1.729,0.606,2.73
48,15,weekend,2,0,3
48,16,weekday,1.7597,0.5374,2.76
48,16,weekend,2,0,3
48,17,weekday,1.8643,0.3033,2.86
48,17,weekend,2,0,3
48,18,weekday,1.8327,0.3742,2.83
48,18,weekend,2,0,3
48,19,weekday,1.983,0.038,2.98
48,19,weekend,2,0,3
48,20,weekday,1.9987,0.003,3
48,20,weekend,2,0,3
48,21,weekday,1.991,0.0201,2.99
48,21,weekend,2,0,3
48,22,weekday,2,0,3
48,22,weekend,2,0,3
48,23,weekday,2,0,3
48,23,weekend,2,0,3
49,0,weekday,1.6061,0.8807,2.61
49,0,weekend,2,0,3
49,1,weekday,1.6117,0.8684,2.61
49,1,weekend,2,0,3
49,2,weekday,1.6281,0.8317,2.63
49,2,weekend,2,0,3
49,3,weekday,1.6322,0.8224,2.63
49,3,weekend,2,0,3
49,4,weekday,1.6444,0.7951,2.64
49,4,weekend,2,0,3
49,5,weekday,1.6442,0.7957,2.64
49,5,weekend,2,0,3
49,6,weekday,1.6758,0.7248,2.68
49,6,weekend,2,0,3
49,7,weekday,1.7486,0.5621,2.75
49,7,weekend,2,0,3
49,8,weekday,1.8058,0.4342,2.81
49,8,weekend,2,0,3
49,9,weekday,1.9289,0.159,2.93
49,9,weekend,2,0,3
49,10,weekday,1.9194,0.1801,2.92
49,10,weekend,2,0,3
49,11,weekday,1.9669,0.0739,2.97
49,11,weekend,2,0,3
49,12,weekday,2,0,3
49,12,weekend,2,0,3
49,13,weekday,2,0,3
49,13,weekend,2,0,3
49,14,weekday,2,0,3
49,14,weekend,2,0,3
49,15,weekday,2,0,3
49,15,weekend,2,0,3
49,16,weekday,2,0,3
49,16,weekend,2,0,3
49,17,weekday,2,0,3
49,17,weekend,2,0,3
49,18,weekday,2,0,3
49,18,weekend,2,0,3
49,19,weekday,2,0,3
49,19,weekend,2,0,3
49,20,weekday,2,0,3
49,20,weekend,2,0,3
49,21,weekday,2,0,3
49,21,weekend,2,0,3
49,22,weekday,2,0,3
49,22,weekend,2,0,3
49,23,weekday,2,0,3
49,23,weekend,2,0,3
50,0,weekday,1.4495,0.8566,2.45
50,0,weekend,2,0,3
50,1,weekday,1.4522,0.8478,2.45
50,1,weekend,2,0,3
50,2,weekday,1.45,0.8534,2.45
50,2,weekend,2,0,3
50,3,weekday,1.4472,0.8567,2.45
50,3,weekend,2,0,3
50,4,weekday,1.458,0.8523,2.46
50,4,weekend,2,0,3
50,5,weekday,1.4628,0.8505,2.46
50,5,weekend,2,0,3
50,6,weekday,1.4682,0.8604,2.47
50,6,weekend,2,0,3
50,7,weekday,1.4552,0.8718,2.46
50,7,weekend,2,0,3
50,8,weekday,1.4958,0.8538,2.5
50,8,weekend,2,0,3
50,9,weekday,1.5182,0.7782,2.52
50,9,weekend,2,0,3
50,10,weekday,1.6047,0.67,2.6
50,10,weekend,2,0,3
50,11,weekday,1.6315,0.5942,2.63
50,11,weekend,2,0,3
50,12,weekday,1.6475,0.5786,2.65
50,12,weekend,2,0,3
50,13,weekday,1.6843,0.5004,2.68
50,13,weekend,2,0,3
50,14,weekday,1.703,0.4437,2.7
50,14,weekend,2,0,3
50,15,weekday,1.696,0.4495,2.7
50,15,weekend,2,0,3
50,16,weekday,1.7515,0.359,2.75
50,16,weekend,2,0,3
50,17,weekday,1.8145,0.2947,2.81
50,17,weekend,2,0,3
50,18,weekday,1.846,0.3444,2.85
50,18,weekend,2,0,3
50,19,weekday,1.8062,0.3817,2.81
50,19,weekend,2,0,3
50,20,weekday,1.8182,0.4066,2.82
50,20,weekend,2,0,3
50,21,weekday,1.8347,0.3697,2.83
50,21,weekend,2,0,3
50,22,weekday,1.8328,0.3738,2.83
50,22,weekend,2,0,3
50,23,weekday,1.8322,0.3753,2.83
50,23,weekend,2,0,3
51,0,weekday,1.6031,0.8875,2.6
51,0,weekend,2,0,3
51,1,weekday,1.6124,0.8666,2.61
51,1,weekend,2,0,3
51,2,weekday,1.6142,0.8626,2.61
51,2,weekend,2,0,3
51,3,weekday,1.6224,0.8442,2.62
51,3,weekend,2,0,3
51,4,weekday,1.6296,0.8283,2.63
51,4,weekend,2,0,3
51,5,weekday,1.6353,0.8154,2.64
51,5,weekend,2,0,3
51,6,weekday,1.6271,0.8338,2.63
51,6,weekend,2,0,3
51,7,weekday,1.6633,0.7528,2.66
51,7,weekend,2,0,3
51,8,weekday,1.7309,0.6018,2.73
51,8,weekend,2,0,3
51,9,weekday,1.7802,0.4914,2.78
51,9,weekend,2,0,3
51,10,weekday,1.7856,0.4795,2.79
51,10,weekend,2,0,3
51,11,weekday,1.8389,0.3603,2.84
51,11,weekend,2,0,3
51,12,weekday,1.8533,0.3279,2.85
51,12,weekend,2,0,3
51,13,weekday,1.8729,0.2842,2.87
51,13,weekend,2,0,3
51,14,weekday,1.8827,0.2624,2.88
51,14,weekend,2,0,3
51,15,weekday,1.9338,0.1481,2.93
51,15,weekend,2,0,3
51,16,weekday,1.9658,0.0765,2.97
51,16,weekend,2,0,3
51,17,weekday,1.9642,0.08,2.96
51,17,weekend,2,0,3
51,18,weekday,2,0,3
51,18,weekend,2,0,3
51,19,weekday,2,0,3
51,19,weekend,2,0,3
51,20,weekday,2,0,3
51,20,weekend,2,0,3
51,21,weekday,2,0,3
51,21,weekend,2,0,3
51,22,weekday,2,0,3
51,22,weekend,2,0,3
51,23,weekday,2,0,3
51,23,weekend,2,0,3
52,0,weekday,1.6004,0.8935,2.6
52,0,weekend,2,0,3
52,1,weekday,1.6078,0.877,2.61
52,1,weekend,2,0,3
52,2,weekday,1.6192,0.8516,2.62
52,2,weekend,2,0,3
52,3,weekday,1.6253,0.8379,2.63
52,3,weekend,2,0,3
52,4,weekday,1.6312,0.8246,2.63
52,4,weekend,2,0,3
52,5,weekday,1.6381,0.8093,2.64
52,5,weekend,2,0,3
52,6,weekday,1.6812,0.7128,2.68
52,6,weekend,2,0,3
52,7,weekday,1.7082,0.6525,2.71
52,7,weekend,2,0,3
52,8,weekday,1.7585,0.5401,2.76
52,8,weekend,2,0,3
52,9,weekday,1.7547,0.5485,2.75
52,9,weekend,2,0,3
52,10,weekday,1.7839,0.4833,2.78
52,10,weekend,2,0,3
52,11,weekday,1.8014,0.4441,2.8
52,11,weekend,2,0,3
52,12,weekday,1.8264,0.3882,2.83
52,12,weekend,2,0,3
52,13,weekday,1.8128,0.4186,2.81
52,13,weekend,2,0,3
52,14,weekday,1.7993,0.4488,2.8
52,14,weekend,2,0,3
52,15,weekday,1.8429,0.3512,2.84
52,15,weekend,2,0,3
52,16,weekday,1.8929,0.2394,2.89
52,16,weekend,2,0,3
52,17,weekday,1.9515,0.1084,2.95
52,17,weekend,2,0,3
52,18,weekday,2,0,3
52,18,weekend,2,0,3
52,19,weekday,2,0,3
52,19,weekend,2,0,3
52,20,weekday,2,0,3
52,20,weekend,2,0,3
52,21,weekday,2,0,3
52,21,weekend,2,0,3
52,22,weekday,2,0,3
52,22,weekend,2,0,3
52,23,weekday,2,0,3
52,23,weekend,2,0,3
53,0,weekday,1.6,0.8944,2.6
53,0,weekend,2,0,3
53,1,weekday,1.6315,0.824,2.63
53,1,weekend,2,0,3
53,2,weekday,1.63,0.8273,2.63
53,2,weekend,2,0,3
53,3,weekday,1.6365,0.8128,2.64
53,3,weekend,2,0,3
53,4,weekday,1.665,0.7491,2.66
53,4,weekend,2,0,3
53,5,weekday,1.6555,0.7703,2.66
53,5,weekend,2,0,3
53,6,weekday,1.693,0.6865,2.69
53,6,weekend,2,0,3
53,7,weekday,1.606,0.881,2.61
53,7,weekend,2,0,3
53,8,weekday,1.6,0.8944,2.6
53,8,weekend,2,0,3
53,9,weekday,1.6,0.8944,2.6
53,9,weekend,2,0,3
53,10,weekday,1.699,0.6731,2.7
53,10,weekend,2,0,3
53,11,weekday,1.6475,0.7882,2.65
53,11,weekend,2,0,3
53,12,weekday,1.7205,0.625,2.72
53,12,weekend,2,0,3
53,13,weekday,1.782,0.4875,2.78
53,13,weekend,2,0,3
53,14,weekday,1.853,0.3287,2.85
53,14,weekend,2,0,3
53,15,weekday,1.951,0.1096,2.95
53,15,weekend,2,0,3
53,16,weekday,1.922,0.1744,2.92
53,16,weekend,2,0,3
53,17,weekday,2,0,3
53,17,weekend,2,0,3
53,18,weekday,2,0,3
53,18,weekend,2,0,3
53,19,weekday,2,0,3
53,19,weekend,2,0,3
53,20,weekday,2,0,3
53,20,weekend,2,0,3
53,21,weekday,2,0,3
53,21,weekend,2,0,3
53,22,weekday,2,0,3
53,22,weekend,2,0,3
53,23,weekday,2,0,3
53,23,weekend,2,0,3
54,0,weekday,1.6267,0.8348,2.63
54,0,weekend,2,0,3
54,1,weekday,1.6562,0.7687,2.66
54,1,weekend,2,0,3
54,2,weekday,1.6692,0.7398,2.67
54,2,weekend,2,0,3
54,3,weekday,1.6683,0.7416,2.67
54,3,weekend,2,0,3
54,4,weekday,1.6888,0.696,2.69
54,4,weekend,2,0,3
54,5,weekday,1.6917,0.6895,2.69
54,5,weekend,2,0,3
54,6,weekday,1.8171,0.409,2.82
54,6,weekend,2,0,3
54,7,weekday,1.7596,0.5376,2.76
54,7,weekend,2,0,3
54,8,weekday,1.9092,0.2031,2.91
54,8,weekend,2,0,3
54,9,weekday,2,0,3
54,9,weekend,2,0,3
54,10,weekday,2,0,3
54,10,weekend,2,0,3
54,11,weekday,2,0,3
54,11,weekend,2,0,3
54,12,weekday,2,0,3
54,12,weekend,2,0,3
54,13,weekday,2,0,3
54,13,weekend,2,0,3
54,14,weekday,2,0,3
54,14,weekend,2,0,3
54,15,weekday,2,0,3
54,15,weekend,2,0,3
54,16,weekday,2,0,3
54,16,weekend,2,0,3
54,17,weekday,2,0,3
54,17,weekend,2,0,3
54,18,weekday,2,0,3
54,18,weekend,2,0,3
54,19,weekday,2,0,3
54,19,weekend,2,0,3
54,20,weekday,2,0,3
54,20,weekend,2,0,3
54,21,weekday,2,0,3
54,21,weekend,2,0,3
54,22,weekday,2,0,3
54,22,weekend,2,0,3
54,23,weekday,2,0,3
54,23,weekend,2,0,3
55,0,weekday,1.6252,0.838,2.63
55,0,weekend,2,0,3
55,1,weekday,1.6378,0.81,2.64
55,1,weekend,2,0,3
55,2,weekday,1.6515,0.7793,2.65
55,2,weekend,2,0,3
55,3,weekday,1.66,0.7603,2.66
55,3,weekend,2,0,3
55,4,weekday,1.6565,0.7681,2.66
55,4,weekend,2,0,3
55,5,weekday,1.6555,0.7703,2.66
55,5,weekend,2,0,3
55,6,weekday,1.6968,0.6781,2.7
55,6,weekend,2,0,3
55,7,weekday,1.7695,0.5154,2.77
55,7,weekend,2,0,3
55,8,weekday,1.8048,0.4366,2.8
55,8,weekend,2,0,3
55,9,weekday,1.9658,0.0766,2.97
55,9,weekend,2,0,3
55,10,weekday,1.929,0.1588,2.93
55,10,weekend,2,0,3
55,11,weekday,1.9945,0.0123,2.99
55,11,weekend,2,0,3
55,12,weekday,2,0,3
55,12,weekend,2,0,3
55,13,weekday,2,0,3
55,13,weekend,2,0,3
55,14,weekday,2,0,3
55,14,weekend,2,0,3
55,15,weekday,2,0,3
55,15,weekend,2,0,3
55,16,weekday,2,0,3
55,16,weekend,2,0,3
55,17,weekday,2,0,3
55,17,weekend,2,0,3
55,18,weekday,2,0,3
55,18,weekend,2,0,3
55,19,weekday,2,0,3
55,19,weekend,2,0,3
55,20,weekday,2,0,3
55,20,weekend,2,0,3
55,21,weekday,2,0,3
55,21,weekend,2,0,3
55,22,weekday,2,0,3
55,22,weekend,2,0,3
55,23,weekday,2,0,3
55,23,weekend,2,0,3
56,0,weekday,1.6325,0.8218,2.63
56,0,weekend,2,0,3
56,1,weekday,1.6292,0.8292,2.63
56,1,weekend,2,0,3
56,2,weekday,1.6292,0.8292,2.63
56,2,weekend,2,0,3
56,3,weekday,1.6342,0.818,2.63
56,3,weekend,2,0,3
56,4,weekday,1.6496,0.7836,2.65
56,4,weekend,2,0,3
56,5,weekday,1.6458,0.7919,2.65
56,5,weekend,2,0,3
56,6,weekday,1.7479,0.5637,2.75
56,6,weekend,2,0,3
56,7,weekday,1.7704,0.5134,2.77
56,7,weekend,2,0,3
56,8,weekday,1.9038,0.2152,2.9
56,8,weekend,2,0,3
56,9,weekday,1.9317,0.1528,2.93
56,9,weekend,2,0,3
56,10,weekday,1.955,0.1006,2.96
56,10,weekend,2,0,3
56,11,weekday,1.9879,0.027,2.99
56,11,weekend,2,0,3
56,12,weekday,2,0,3
56,12,weekend,2,0,3
56,13,weekday,2,0,3
56,13,weekend,2,0,3
56,14,weekday,2,0,3
56,14,weekend,2,0,3
56,15,weekday,2,0,3
56,15,weekend,2,0,3
56,16,weekday,2,0,3
56,16,weekend,2,0,3
56,17,weekday,2,0,3
56,17,weekend,2,0,3
56,18,weekday,2,0,3
56,18,weekend,2,0,3
56,19,weekday,2,0,3
56,19,weekend,2,0,3
56,20,weekday,2,0,3
56,20,weekend,2,0,3
56,21,weekday,2,0,3
56,21,weekend,2,0,3
56,22,weekday,2,0,3
56,22,weekend,2,0,3
56,23,weekday,2,0,3
56,23,weekend,2,0,3
57,0,weekday,1.6033,0.887,2.6
57,0,weekend,2,0,3
57,1,weekday,1.6222,0.8447,2.62
57,1,weekend,2,0,3
57,2,weekday,1.6556,0.7702,2.66
57,2,weekend,2,0,3
57,3,weekday,1.6672,0.7441,2.67
57,3,weekend,2,0,3
57,4,weekday,1.6894,0.6944,2.69
57,4,weekend,2,0,3
57,5,weekday,1.6956,0.6807,2.7
57,5,weekend,2,0,3
57,6,weekday,1.6872,0.6994,2.69
57,6,weekend,2,0,3
57,7,weekday,1.8161,0.4112,2.82
57,7,weekend,2,0,3
57,8,weekday,1.8517,0.3317,2.85
57,8,weekend,2,0,3
57,9,weekday,1.8956,0.2335,2.9
57,9,weekend,2,0,3
57,10,weekday,1.9767,0.0522,2.98
57,10,weekend,2,0,3
57,11,weekday,2,0,3
57,11,weekend,2,0,3
57,12,weekday,2,0,3
57,12,weekend,2,0,3
57,13,weekday,2,0,3
57,13,weekend,2,0,3
57,14,weekday,2,0,3
57,14,weekend,2,0,3
57,15,weekday,2,0,3
57,15,weekend,2,0,3
57,16,weekday,2,0,3
57,16,weekend,2,0,3
57,17,weekday,2,0,3
57,17,weekend,2,0,3
57,18,weekday,2,0,3
57,18,weekend,2,0,3
57,19,weekday,2,0,3
57,19,weekend,2,0,3
57,20,weekday,2,0,3
57,20,weekend,2,0,3
57,21,weekday,2,0,3
57,21,weekend,2,0,3
57,22,weekday,2,0,3
57,22,weekend,2,0,3
57,23,weekday,2,0,3
57,23,weekend,2,0,3
